Filter By Length,Label,Kata,TF-IDF
"banget,layan,udah,pick,request,didiemin,doang,airport,kota,lelet,kerja",negatif,"['banget', 'layan', 'udah', 'pick', 'request', 'didiemin', 'doang', 'airport', 'kota', 'lelet', 'kerja']","{'banget': 1, 'layan': 1, 'udah': 1, 'pick': 1, 'request': 1, 'didiemin': 1, 'doang': 1, 'airport': 1, 'kota': 1, 'lelet': 1, 'kerja': 1}"
"sortir,gudang,sunternya,manual,sampe,ngestuck,minggu",negatif,"['sortir', 'gudang', 'sunternya', 'manual', 'sampe', 'ngestuck', 'minggu']","{'sortir': 1, 'gudang': 1, 'sunternya': 1, 'manual': 1, 'sampe': 1, 'ngestuck': 1, 'minggu': 1}"
"paket,sampe,lohh,pake,layan,nexday",negatif,"['paket', 'sampe', 'lohh', 'pake', 'layan', 'nexday']","{'paket': 1, 'sampe': 1, 'lohh': 1, 'pake': 1, 'layan': 1, 'nexday': 1}"
"hubung,jual,ekspedisi",negatif,"['hubung', 'jual', 'ekspedisi']","{'hubung': 1, 'jual': 1, 'ekspedisi': 1}"
"halo,admin,paket,muter,muter,udah,sukoharjo,tinggal,alamat,rumah,semarang,gajelas,banget",negatif,"['halo', 'admin', 'paket', 'muter', 'muter', 'udah', 'sukoharjo', 'tinggal', 'alamat', 'rumah', 'semarang', 'gajelas', 'banget']","{'halo': 1, 'admin': 1, 'paket': 1, 'muter': 2, 'udah': 1, 'sukoharjo': 1, 'tinggal': 1, 'alamat': 1, 'rumah': 1, 'semarang': 1, 'gajelas': 1, 'banget': 1}"
"moga,label,haram,pakai,jasa,ekspedisi,biang,musibah,moga,anteraja,cepet,tutup,bangkrut",negatif,"['moga', 'label', 'haram', 'pakai', 'jasa', 'ekspedisi', 'biang', 'musibah', 'moga', 'anteraja', 'cepet', 'tutup', 'bangkrut']","{'moga': 2, 'label': 1, 'haram': 1, 'pakai': 1, 'jasa': 1, 'ekspedisi': 1, 'biang': 1, 'musibah': 1, 'anteraja': 1, 'cepet': 1, 'tutup': 1, 'bangkrut': 1}"
"mending,rebranding,anter,suka,suka,kurir,nganter,paket,nyasar,rumah,gatau,rumah,gimana",negatif,"['mending', 'rebranding', 'anter', 'suka', 'suka', 'kurir', 'nganter', 'paket', 'nyasar', 'rumah', 'gatau', 'rumah', 'gimana']","{'mending': 1, 'rebranding': 1, 'anter': 1, 'suka': 2, 'kurir': 1, 'nganter': 1, 'paket': 1, 'nyasar': 1, 'rumah': 2, 'gatau': 1, 'gimana': 1}"
"alami,kaksama,gaktau,kalo,ekspedisi,barang,kakak",negatif,"['alami', 'kaksama', 'gaktau', 'kalo', 'ekspedisi', 'barang', 'kakak']","{'alami': 1, 'kaksama': 1, 'gaktau': 1, 'kalo': 1, 'ekspedisi': 1, 'barang': 1, 'kakak': 1}"
"tuhhh,gimana,kemarin,tunda,mulu,operasional",negatif,"['tuhhh', 'gimana', 'kemarin', 'tunda', 'mulu', 'operasional']","{'tuhhh': 1, 'gimana': 1, 'kemarin': 1, 'tunda': 1, 'mulu': 1, 'operasional': 1}"
"refund,nder,untung,paking,nder,admin,barang,udah,beliin,bener,bener,rugi,refund,dapet,duit,engga,rugi,gimana,selesai,bener",negatif,"['refund', 'nder', 'untung', 'paking', 'nder', 'admin', 'barang', 'udah', 'beliin', 'bener', 'bener', 'rugi', 'refund', 'dapet', 'duit', 'engga', 'rugi', 'gimana', 'selesai', 'bener']","{'refund': 2, 'nder': 2, 'untung': 1, 'paking': 1, 'admin': 1, 'barang': 1, 'udah': 1, 'beliin': 1, 'bener': 3, 'rugi': 2, 'dapet': 1, 'duit': 1, 'engga': 1, 'gimana': 1, 'selesai': 1}"
"tolong,fitur,sameday,hapus,pake,sameday,prnh,kurir,suka,bikin,update,palsu,mendelay,pickup,paket",negatif,"['tolong', 'fitur', 'sameday', 'hapus', 'pake', 'sameday', 'prnh', 'kurir', 'suka', 'bikin', 'update', 'palsu', 'mendelay', 'pickup', 'paket']","{'tolong': 1, 'fitur': 1, 'sameday': 2, 'hapus': 1, 'pake': 1, 'prnh': 1, 'kurir': 1, 'suka': 1, 'bikin': 1, 'update': 1, 'palsu': 1, 'mendelay': 1, 'pickup': 1, 'paket': 1}"
"banget,kayak,paket,guedijakut,bensin,anter,hilang,dicancel,kasi,jualanpadahal,ulah",negatif,"['banget', 'kayak', 'paket', 'guedijakut', 'bensin', 'anter', 'hilang', 'dicancel', 'kasi', 'jualanpadahal', 'ulah']","{'banget': 1, 'kayak': 1, 'paket': 1, 'guedijakut': 1, 'bensin': 1, 'anter': 1, 'hilang': 1, 'dicancel': 1, 'kasi': 1, 'jualanpadahal': 1, 'ulah': 1}"
"halo,paket,resi,nyangkut,terang,delivery,tunda,operasional,same,makan,kalo,basi",negatif,"['halo', 'paket', 'resi', 'nyangkut', 'terang', 'delivery', 'tunda', 'operasional', 'same', 'makan', 'kalo', 'basi']","{'halo': 1, 'paket': 1, 'resi': 1, 'nyangkut': 1, 'terang': 1, 'delivery': 1, 'tunda': 1, 'operasional': 1, 'same': 1, 'makan': 1, 'kalo': 1, 'basi': 1}"
"ngga,ngga,babi",negatif,"['ngga', 'ngga', 'babi']","{'ngga': 2, 'babi': 1}"
"info,paket,mint",negatif,"['info', 'paket', 'mint']","{'info': 1, 'paket': 1, 'mint': 1}"
"walaaah,admin,please,pakai,kirim",negatif,"['walaaah', 'admin', 'please', 'pakai', 'kirim']","{'walaaah': 1, 'admin': 1, 'please': 1, 'pakai': 1, 'kirim': 1}"
"sameday,sameday,kucing",negatif,"['sameday', 'sameday', 'kucing']","{'sameday': 2, 'kucing': 1}"
"arti,paket,lambat,besok,airport,tuju,langsung,kirim,estimasi,lambat,minggu,mimin,minggu,libur,sampe,besok,siang,sore,status,barang,terima,arti",negatif,"['arti', 'paket', 'lambat', 'besok', 'airport', 'tuju', 'langsung', 'kirim', 'estimasi', 'lambat', 'minggu', 'mimin', 'minggu', 'libur', 'sampe', 'besok', 'siang', 'sore', 'status', 'barang', 'terima', 'arti']","{'arti': 2, 'paket': 1, 'lambat': 2, 'besok': 2, 'airport': 1, 'tuju': 1, 'langsung': 1, 'kirim': 1, 'estimasi': 1, 'minggu': 2, 'mimin': 1, 'libur': 1, 'sampe': 1, 'siang': 1, 'sore': 1, 'status': 1, 'barang': 1, 'terima': 1}"
"tolong,pickup,paket,cepat,rumah,ngga,ambil",negatif,"['tolong', 'pickup', 'paket', 'cepat', 'rumah', 'ngga', 'ambil']","{'tolong': 1, 'pickup': 1, 'paket': 1, 'cepat': 1, 'rumah': 1, 'ngga': 1, 'ambil': 1}"
"entaraja,cepet,pick,paket,resi,puasa,bikin,gondok,pick,lelet",negatif,"['entaraja', 'cepet', 'pick', 'paket', 'resi', 'puasa', 'bikin', 'gondok', 'pick', 'lelet']","{'entaraja': 1, 'cepet': 1, 'pick': 2, 'paket': 1, 'resi': 1, 'puasa': 1, 'bikin': 1, 'gondok': 1, 'lelet': 1}"
"nyampe,paket,tutup,mending",negatif,"['nyampe', 'paket', 'tutup', 'mending']","{'nyampe': 1, 'paket': 1, 'tutup': 1, 'mending': 1}"
"cant,relate",negatif,"['cant', 'relate']","{'cant': 1, 'relate': 1}"
"tanggap,gimana,nihgagal,stadion,bawa,anteraja",negatif,"['tanggap', 'gimana', 'nihgagal', 'stadion', 'bawa', 'anteraja']","{'tanggap': 1, 'gimana': 1, 'nihgagal': 1, 'stadion': 1, 'bawa': 1, 'anteraja': 1}"
"mnding,ganti,nama,entar,drpd,anter",negatif,"['mnding', 'ganti', 'nama', 'entar', 'drpd', 'anter']","{'mnding': 1, 'ganti': 1, 'nama': 1, 'entar': 1, 'drpd': 1, 'anter': 1}"
"nemu,search,paket,kakak,kabar,paket,kayak",negatif,"['nemu', 'search', 'paket', 'kakak', 'kabar', 'paket', 'kayak']","{'nemu': 1, 'search': 1, 'paket': 2, 'kakak': 1, 'kabar': 1, 'kayak': 1}"
"halo,tolong,bantu,proses,paket,resi,status,gagal,kirim,kemarin,sampe,kirim,tolong,paket,kado,orgnya,pulang,malem,terima,kasih",negatif,"['halo', 'tolong', 'bantu', 'proses', 'paket', 'resi', 'status', 'gagal', 'kirim', 'kemarin', 'sampe', 'kirim', 'tolong', 'paket', 'kado', 'orgnya', 'pulang', 'malem', 'terima', 'kasih']","{'halo': 1, 'tolong': 2, 'bantu': 1, 'proses': 1, 'paket': 2, 'resi': 1, 'status': 1, 'gagal': 1, 'kirim': 2, 'kemarin': 1, 'sampe': 1, 'kado': 1, 'orgnya': 1, 'pulang': 1, 'malem': 1, 'terima': 1, 'kasih': 1}"
"banget,ngirimnya,bang",negatif,"['banget', 'ngirimnya', 'bang']","{'banget': 1, 'ngirimnya': 1, 'bang': 1}"
"paket,slalu,didiemin,gudang,anjing,kesel,ampe,pdhl,ekspedisi",negatif,"['paket', 'slalu', 'didiemin', 'gudang', 'anjing', 'kesel', 'ampe', 'pdhl', 'ekspedisi']","{'paket': 1, 'slalu': 1, 'didiemin': 1, 'gudang': 1, 'anjing': 1, 'kesel': 1, 'ampe': 1, 'pdhl': 1, 'ekspedisi': 1}"
"belanja,online,kirim,pake,sampe,tangerang,selatan,doang,meanwhile,paket,crossborder,kirim,udah,sampe,lucu",negatif,"['belanja', 'online', 'kirim', 'pake', 'sampe', 'tangerang', 'selatan', 'doang', 'meanwhile', 'paket', 'crossborder', 'kirim', 'udah', 'sampe', 'lucu']","{'belanja': 1, 'online': 1, 'kirim': 2, 'pake': 1, 'sampe': 2, 'tangerang': 1, 'selatan': 1, 'doang': 1, 'meanwhile': 1, 'paket': 1, 'crossborder': 1, 'udah': 1, 'lucu': 1}"
"oshi,mint",negatif,"['oshi', 'mint']","{'oshi': 1, 'mint': 1}"
"banyakin,sabar,bang,kalo,pake,ekspedisi,ngalamin,minggu,barang,datengdateng,pake,ekspedisi,saran,next,kalo,barang,pilih,ekspedisi,beres",negatif,"['banyakin', 'sabar', 'bang', 'kalo', 'pake', 'ekspedisi', 'ngalamin', 'minggu', 'barang', 'datengdateng', 'pake', 'ekspedisi', 'saran', 'next', 'kalo', 'barang', 'pilih', 'ekspedisi', 'beres']","{'banyakin': 1, 'sabar': 1, 'bang': 1, 'kalo': 2, 'pake': 2, 'ekspedisi': 3, 'ngalamin': 1, 'minggu': 1, 'barang': 2, 'datengdateng': 1, 'saran': 1, 'next': 1, 'pilih': 1, 'beres': 1}"
"paket,status,kemarin",negatif,"['paket', 'status', 'kemarin']","{'paket': 1, 'status': 1, 'kemarin': 1}"
"paket,stak,kemaren,gerak",negatif,"['paket', 'stak', 'kemaren', 'gerak']","{'paket': 1, 'stak': 1, 'kemaren': 1, 'gerak': 1}"
"admin,ulah,kerja",negatif,"['admin', 'ulah', 'kerja']","{'admin': 1, 'ulah': 1, 'kerja': 1}"
"belumdan,udah,dibatalin,platform,commercenya",negatif,"['belumdan', 'udah', 'dibatalin', 'platform', 'commercenya']","{'belumdan': 1, 'udah': 1, 'dibatalin': 1, 'platform': 1, 'commercenya': 1}"
"kali,kendala,helooo,adapa,yaaa,post,kecewa,asli",negatif,"['kali', 'kendala', 'helooo', 'adapa', 'yaaa', 'post', 'kecewa', 'asli']","{'kali': 1, 'kendala': 1, 'helooo': 1, 'adapa': 1, 'yaaa': 1, 'post': 1, 'kecewa': 1, 'asli': 1}"
"heran,brand",negatif,"['heran', 'brand']","{'heran': 1, 'brand': 1}"
"tolong,bantu,paket,resi,butuh,siang,paket,tangerang,kirim,bogor,tangerang",negatif,"['tolong', 'bantu', 'paket', 'resi', 'butuh', 'siang', 'paket', 'tangerang', 'kirim', 'bogor', 'tangerang']","{'tolong': 1, 'bantu': 1, 'paket': 2, 'resi': 1, 'butuh': 1, 'siang': 1, 'tangerang': 2, 'kirim': 1, 'bogor': 1}"
oshiku,negatif,['oshiku'],{'oshiku': 1}
cyurrrr,negatif,['cyurrrr'],{'cyurrrr': 1}
"capek,nunggu,paket,sortir,olshop,pake,jasa,skip,males,gitu,lamaaaaa,nyampe,muter,males,urus,ekspedisi,sampe,ambil,langsung,gudang",negatif,"['capek', 'nunggu', 'paket', 'sortir', 'olshop', 'pake', 'jasa', 'skip', 'males', 'gitu', 'lamaaaaa', 'nyampe', 'muter', 'males', 'urus', 'ekspedisi', 'sampe', 'ambil', 'langsung', 'gudang']","{'capek': 1, 'nunggu': 1, 'paket': 1, 'sortir': 1, 'olshop': 1, 'pake': 1, 'jasa': 1, 'skip': 1, 'males': 2, 'gitu': 1, 'lamaaaaa': 1, 'nyampe': 1, 'muter': 1, 'urus': 1, 'ekspedisi': 1, 'sampe': 1, 'ambil': 1, 'langsung': 1, 'gudang': 1}"
"paket,pick,tanggal",negatif,"['paket', 'pick', 'tanggal']","{'paket': 1, 'pick': 1, 'tanggal': 1}"
"tolong,tangan,datengnya,next,same",negatif,"['tolong', 'tangan', 'datengnya', 'next', 'same']","{'tolong': 1, 'tangan': 1, 'datengnya': 1, 'next': 1, 'same': 1}"
"awas,kalo,sampe,dipickup",negatif,"['awas', 'kalo', 'sampe', 'dipickup']","{'awas': 1, 'kalo': 1, 'sampe': 1, 'dipickup': 1}"
"ekspedisi,musibah",negatif,"['ekspedisi', 'musibah']","{'ekspedisi': 1, 'musibah': 1}"
"telpon,ketok,rumah,status,paket,tunda,terima,hubung,kntorrmah,tutup,smua,aktif,rumah,mnggu,satria,kbar",negatif,"['telpon', 'ketok', 'rumah', 'status', 'paket', 'tunda', 'terima', 'hubung', 'kntorrmah', 'tutup', 'smua', 'aktif', 'rumah', 'mnggu', 'satria', 'kbar']","{'telpon': 1, 'ketok': 1, 'rumah': 2, 'status': 1, 'paket': 1, 'tunda': 1, 'terima': 1, 'hubung': 1, 'kntorrmah': 1, 'tutup': 1, 'smua': 1, 'aktif': 1, 'mnggu': 1, 'satria': 1, 'kbar': 1}"
"chat,anjir",negatif,"['chat', 'anjir']","{'chat': 1, 'anjir': 1}"
"anteraja,lelet,kali,nang",negatif,"['anteraja', 'lelet', 'kali', 'nang']","{'anteraja': 1, 'lelet': 1, 'kali': 1, 'nang': 1}"
"emang,kasih,status",negatif,"['emang', 'kasih', 'status']","{'emang': 1, 'kasih': 1, 'status': 1}"
"giveaway,mulu,paket,ndak,diurusin,udah,alas,toko,tutup,nomor,aktif,asli,basi,banget,sameday,nyampe",negatif,"['giveaway', 'mulu', 'paket', 'ndak', 'diurusin', 'udah', 'alas', 'toko', 'tutup', 'nomor', 'aktif', 'asli', 'basi', 'banget', 'sameday', 'nyampe']","{'giveaway': 1, 'mulu': 1, 'paket': 1, 'ndak': 1, 'diurusin': 1, 'udah': 1, 'alas': 1, 'toko': 1, 'tutup': 1, 'nomor': 1, 'aktif': 1, 'asli': 1, 'basi': 1, 'banget': 1, 'sameday': 1, 'nyampe': 1}"
"tegur,seller,beli,barang,anteraja,mangkir,sameday,orang,pilih,sameday",negatif,"['tegur', 'seller', 'beli', 'barang', 'anteraja', 'mangkir', 'sameday', 'orang', 'pilih', 'sameday']","{'tegur': 1, 'seller': 1, 'beli': 1, 'barang': 1, 'anteraja': 1, 'mangkir': 1, 'sameday': 2, 'orang': 1, 'pilih': 1}"
"karyawan,didik,kalo,ngga,sanggup,menuhin,layan,ngibul,biar,kesan,menuhin,target",negatif,"['karyawan', 'didik', 'kalo', 'ngga', 'sanggup', 'menuhin', 'layan', 'ngibul', 'biar', 'kesan', 'menuhin', 'target']","{'karyawan': 1, 'didik': 1, 'kalo': 1, 'ngga': 1, 'sanggup': 1, 'menuhin': 2, 'layan': 1, 'ngibul': 1, 'biar': 1, 'kesan': 1, 'target': 1}"
"gimana,pickup,barang",negatif,"['gimana', 'pickup', 'barang']","{'gimana': 1, 'pickup': 1, 'barang': 1}"
"hadehh,liat,futu,oshiku,sulit,udah,benerin,indah,baiknyaramadan",negatif,"['hadehh', 'liat', 'futu', 'oshiku', 'sulit', 'udah', 'benerin', 'indah', 'baiknyaramadan']","{'hadehh': 1, 'liat': 1, 'futu': 1, 'oshiku': 1, 'sulit': 1, 'udah': 1, 'benerin': 1, 'indah': 1, 'baiknyaramadan': 1}"
"paket,lokasi,sortir,maret,update,gimana",negatif,"['paket', 'lokasi', 'sortir', 'maret', 'update', 'gimana']","{'paket': 1, 'lokasi': 1, 'sortir': 1, 'maret': 1, 'update': 1, 'gimana': 1}"
"paket,minggu,sampe,udah,lapor,suruh,nunggu,sampe",negatif,"['paket', 'minggu', 'sampe', 'udah', 'lapor', 'suruh', 'nunggu', 'sampe']","{'paket': 1, 'minggu': 1, 'sampe': 2, 'udah': 1, 'lapor': 1, 'suruh': 1, 'nunggu': 1}"
"payah,paket,kirim,tunda,operasional,butuh,barang,dipake,cepat",negatif,"['payah', 'paket', 'kirim', 'tunda', 'operasional', 'butuh', 'barang', 'dipake', 'cepat']","{'payah': 1, 'paket': 1, 'kirim': 1, 'tunda': 1, 'operasional': 1, 'butuh': 1, 'barang': 1, 'dipake': 1, 'cepat': 1}"
akun,negatif,['akun'],{'akun': 1}
"kirim,barang,pake,ekspedisi,anter,tahan,anter,entar",negatif,"['kirim', 'barang', 'pake', 'ekspedisi', 'anter', 'tahan', 'anter', 'entar']","{'kirim': 1, 'barang': 1, 'pake': 1, 'ekspedisi': 1, 'anter': 2, 'tahan': 1, 'entar': 1}"
"hallo,tlng,baca",negatif,"['hallo', 'tlng', 'baca']","{'hallo': 1, 'tlng': 1, 'baca': 1}"
"kalo,pake,kurir",negatif,"['kalo', 'pake', 'kurir']","{'kalo': 1, 'pake': 1, 'kurir': 1}"
"halo,pickup,paket,udah,estimasi",negatif,"['halo', 'pickup', 'paket', 'udah', 'estimasi']","{'halo': 1, 'pickup': 1, 'paket': 1, 'udah': 1, 'estimasi': 1}"
"cakep,banget,masyaallah",negatif,"['cakep', 'banget', 'masyaallah']","{'cakep': 1, 'banget': 1, 'masyaallah': 1}"
"fuck,your,customer,service,kagak,bales,whatsapp,ngga,respon,nomor,telepon,ngga,aktiffff,tutup,usaha",negatif,"['fuck', 'your', 'customer', 'service', 'kagak', 'bales', 'whatsapp', 'ngga', 'respon', 'nomor', 'telepon', 'ngga', 'aktiffff', 'tutup', 'usaha']","{'fuck': 1, 'your': 1, 'customer': 1, 'service': 1, 'kagak': 1, 'bales': 1, 'whatsapp': 1, 'ngga': 2, 'respon': 1, 'nomor': 1, 'telepon': 1, 'aktiffff': 1, 'tutup': 1, 'usaha': 1}"
"tolong,paket,kirim,ngapain,nangkring,jakut",negatif,"['tolong', 'paket', 'kirim', 'ngapain', 'nangkring', 'jakut']","{'tolong': 1, 'paket': 1, 'kirim': 1, 'ngapain': 1, 'nangkring': 1, 'jakut': 1}"
"takut,banget",negatif,"['takut', 'banget']","{'takut': 1, 'banget': 1}"
"mohon,maap,maksud,paket,estimasi,kirim",negatif,"['mohon', 'maap', 'maksud', 'paket', 'estimasi', 'kirim']","{'mohon': 1, 'maap': 1, 'maksud': 1, 'paket': 1, 'estimasi': 1, 'kirim': 1}"
"blangsak,emang,bang",negatif,"['blangsak', 'emang', 'bang']","{'blangsak': 1, 'emang': 1, 'bang': 1}"
paket,negatif,['paket'],{'paket': 1}
"pake,ekspedisi,udah,jual,pake,ekspedisi,jual,bilang,otomatis,shopee,ngatur,males,lanja,shopee,kalo,ketemu,ekspedisi,lelet",negatif,"['pake', 'ekspedisi', 'udah', 'jual', 'pake', 'ekspedisi', 'jual', 'bilang', 'otomatis', 'shopee', 'ngatur', 'males', 'lanja', 'shopee', 'kalo', 'ketemu', 'ekspedisi', 'lelet']","{'pake': 2, 'ekspedisi': 3, 'udah': 1, 'jual': 2, 'bilang': 1, 'otomatis': 1, 'shopee': 2, 'ngatur': 1, 'males': 1, 'lanja': 1, 'kalo': 1, 'ketemu': 1, 'lelet': 1}"
"pingin,marah,puasa",negatif,"['pingin', 'marah', 'puasa']","{'pingin': 1, 'marah': 1, 'puasa': 1}"
"gimana,kurir,salah,kirim,masak,banget,kirim,nomor,nomor",negatif,"['gimana', 'kurir', 'salah', 'kirim', 'masak', 'banget', 'kirim', 'nomor', 'nomor']","{'gimana': 1, 'kurir': 1, 'salah': 1, 'kirim': 2, 'masak': 1, 'banget': 1, 'nomor': 2}"
"kirim,pake,next,udah,sampe,kompensasi,ngga,bayar,nextday,dapetnya,reguler",negatif,"['kirim', 'pake', 'next', 'udah', 'sampe', 'kompensasi', 'ngga', 'bayar', 'nextday', 'dapetnya', 'reguler']","{'kirim': 1, 'pake': 1, 'next': 1, 'udah': 1, 'sampe': 1, 'kompensasi': 1, 'ngga': 1, 'bayar': 1, 'nextday': 1, 'dapetnya': 1, 'reguler': 1}"
"paket,gagal,retur,kirim,paket,gagal,terima,barang,rumah",negatif,"['paket', 'gagal', 'retur', 'kirim', 'paket', 'gagal', 'terima', 'barang', 'rumah']","{'paket': 2, 'gagal': 2, 'retur': 1, 'kirim': 1, 'terima': 1, 'barang': 1, 'rumah': 1}"
"aplikasi,error",negatif,"['aplikasi', 'error']","{'aplikasi': 1, 'error': 1}"
"barusan,nyetir,jalan,kendara,ngeselin,auto,kasar,maap,bawa,marah",negatif,"['barusan', 'nyetir', 'jalan', 'kendara', 'ngeselin', 'auto', 'kasar', 'maap', 'bawa', 'marah']","{'barusan': 1, 'nyetir': 1, 'jalan': 1, 'kendara': 1, 'ngeselin': 1, 'auto': 1, 'kasar': 1, 'maap': 1, 'bawa': 1, 'marah': 1}"
"susah,orang,puasa",negatif,"['susah', 'orang', 'puasa']","{'susah': 1, 'orang': 1, 'puasa': 1}"
"halo,gimana,casenya,pilih,kirim,sameday,nyata,samedaynya,anteraja,fikir,grabgojek,paket,terima,udah,selesai,ckckckc,janganpilihanteraja,boikotanteraja",negatif,"['halo', 'gimana', 'casenya', 'pilih', 'kirim', 'sameday', 'nyata', 'samedaynya', 'anteraja', 'fikir', 'grabgojek', 'paket', 'terima', 'udah', 'selesai', 'ckckckc', 'janganpilihanteraja', 'boikotanteraja']","{'halo': 1, 'gimana': 1, 'casenya': 1, 'pilih': 1, 'kirim': 1, 'sameday': 1, 'nyata': 1, 'samedaynya': 1, 'anteraja': 1, 'fikir': 1, 'grabgojek': 1, 'paket': 1, 'terima': 1, 'udah': 1, 'selesai': 1, 'ckckckc': 1, 'janganpilihanteraja': 1, 'boikotanteraja': 1}"
"nemu,search,paket,kakak,kabar,paket,kayak",negatif,"['nemu', 'search', 'paket', 'kakak', 'kabar', 'paket', 'kayak']","{'nemu': 1, 'search': 1, 'paket': 2, 'kakak': 1, 'kabar': 1, 'kayak': 1}"
"tolong,shopee,otomatis,males,sameday,anter,expedisi,sameday,biar,gojekgrab,bagus,anteraja,pake",negatif,"['tolong', 'shopee', 'otomatis', 'males', 'sameday', 'anter', 'expedisi', 'sameday', 'biar', 'gojekgrab', 'bagus', 'anteraja', 'pake']","{'tolong': 1, 'shopee': 1, 'otomatis': 1, 'males': 1, 'sameday': 2, 'anter': 1, 'expedisi': 1, 'biar': 1, 'gojekgrab': 1, 'bagus': 1, 'anteraja': 1, 'pake': 1}"
sameday,negatif,['sameday'],{'sameday': 1}
takuttttt,negatif,['takuttttt'],{'takuttttt': 1}
"paket,gerak,puasa,pusat,sortir,please,kalo,lupa,klik,ganti,anter,kalo,belanja",negatif,"['paket', 'gerak', 'puasa', 'pusat', 'sortir', 'please', 'kalo', 'lupa', 'klik', 'ganti', 'anter', 'kalo', 'belanja']","{'paket': 1, 'gerak': 1, 'puasa': 1, 'pusat': 1, 'sortir': 1, 'please': 1, 'kalo': 2, 'lupa': 1, 'klik': 1, 'ganti': 1, 'anter': 1, 'belanja': 1}"
"ampun,muter",negatif,"['ampun', 'muter']","{'ampun': 1, 'muter': 1}"
"tolong,respon",negatif,"['tolong', 'respon']","{'tolong': 1, 'respon': 1}"
"nonaktif,tanggal,pickup,sampe,jatuh,tempo,tanggal,dipickup,udah,gada,komunikasi,tbtb,jadwal,ulang",negatif,"['nonaktif', 'tanggal', 'pickup', 'sampe', 'jatuh', 'tempo', 'tanggal', 'dipickup', 'udah', 'gada', 'komunikasi', 'tbtb', 'jadwal', 'ulang']","{'nonaktif': 1, 'tanggal': 2, 'pickup': 1, 'sampe': 1, 'jatuh': 1, 'tempo': 1, 'dipickup': 1, 'udah': 1, 'gada': 1, 'komunikasi': 1, 'tbtb': 1, 'jadwal': 1, 'ulang': 1}"
"gimana,paket,pickup,pickup,kendala",negatif,"['gimana', 'paket', 'pickup', 'pickup', 'kendala']","{'gimana': 1, 'paket': 1, 'pickup': 2, 'kendala': 1}"
"lelet,kurir,rekomendasi,besok,buang,list,kurir,rekomendasi,tokped,dapet,rekomendasi,kurir,anteraja,mesti,rabu,status,tuju,opoo",negatif,"['lelet', 'kurir', 'rekomendasi', 'besok', 'buang', 'list', 'kurir', 'rekomendasi', 'tokped', 'dapet', 'rekomendasi', 'kurir', 'anteraja', 'mesti', 'rabu', 'status', 'tuju', 'opoo']","{'lelet': 1, 'kurir': 3, 'rekomendasi': 3, 'besok': 1, 'buang': 1, 'list': 1, 'tokped': 1, 'dapet': 1, 'anteraja': 1, 'mesti': 1, 'rabu': 1, 'status': 1, 'tuju': 1, 'opoo': 1}"
"rabu,pagi,pondok,bambu,tidakbelum,amanahprofesional,alami,buruk,anteraja,barang,hilang,tukar,salah,alamat",negatif,"['rabu', 'pagi', 'pondok', 'bambu', 'tidakbelum', 'amanahprofesional', 'alami', 'buruk', 'anteraja', 'barang', 'hilang', 'tukar', 'salah', 'alamat']","{'rabu': 1, 'pagi': 1, 'pondok': 1, 'bambu': 1, 'tidakbelum': 1, 'amanahprofesional': 1, 'alami': 1, 'buruk': 1, 'anteraja': 1, 'barang': 1, 'hilang': 1, 'tukar': 1, 'salah': 1, 'alamat': 1}"
"paket,anteraja,macet,berharihari,kalo,mampir,jakarta,utara",negatif,"['paket', 'anteraja', 'macet', 'berharihari', 'kalo', 'mampir', 'jakarta', 'utara']","{'paket': 1, 'anteraja': 1, 'macet': 1, 'berharihari': 1, 'kalo': 1, 'mampir': 1, 'jakarta': 1, 'utara': 1}"
"ekspedisi,hilang,dokumen,ckckckck,gaada,tanggungjawabnya",negatif,"['ekspedisi', 'hilang', 'dokumen', 'ckckckck', 'gaada', 'tanggungjawabnya']","{'ekspedisi': 1, 'hilang': 1, 'dokumen': 1, 'ckckckck': 1, 'gaada': 1, 'tanggungjawabnya': 1}"
sampe,negatif,['sampe'],{'sampe': 1}
"paket,woiudah,jakut,mulukasih,telat,kasih,solusi,investigasi,blamuak,banget,sumpah",negatif,"['paket', 'woiudah', 'jakut', 'mulukasih', 'telat', 'kasih', 'solusi', 'investigasi', 'blamuak', 'banget', 'sumpah']","{'paket': 1, 'woiudah': 1, 'jakut': 1, 'mulukasih': 1, 'telat': 1, 'kasih': 1, 'solusi': 1, 'investigasi': 1, 'blamuak': 1, 'banget': 1, 'sumpah': 1}"
"kindly,check,your",negatif,"['kindly', 'check', 'your']","{'kindly': 1, 'check': 1, 'your': 1}"
"innovative,tiru,kurir,jual,beli,kota,kirim,jakarta,kirim,kota,mantap,moga,sukses,selaluuuu",negatif,"['innovative', 'tiru', 'kurir', 'jual', 'beli', 'kota', 'kirim', 'jakarta', 'kirim', 'kota', 'mantap', 'moga', 'sukses', 'selaluuuu']","{'innovative': 1, 'tiru': 1, 'kurir': 1, 'jual': 1, 'beli': 1, 'kota': 2, 'kirim': 2, 'jakarta': 1, 'mantap': 1, 'moga': 1, 'sukses': 1, 'selaluuuu': 1}"
"paket,manaaaaaaa",negatif,"['paket', 'manaaaaaaa']","{'paket': 1, 'manaaaaaaa': 1}"
"halo,paket,resi,nyangkut,terang,delivery,tunda,operasional,same",negatif,"['halo', 'paket', 'resi', 'nyangkut', 'terang', 'delivery', 'tunda', 'operasional', 'same']","{'halo': 1, 'paket': 1, 'resi': 1, 'nyangkut': 1, 'terang': 1, 'delivery': 1, 'tunda': 1, 'operasional': 1, 'same': 1}"
"gabisa,gabisa",negatif,"['gabisa', 'gabisa']",{'gabisa': 2}
"ekspedisi,order,sameday",negatif,"['ekspedisi', 'order', 'sameday']","{'ekspedisi': 1, 'order': 1, 'sameday': 1}"
"bobrok,asli,mending,tutup,gajelas,bgtpaket,ngestuck,situ,ajatlp,call,center,gabisadi,bales,botemail,dibalesini,karyawan,kurir,kerja,situtup,mendingkalo,ganiat,fakyu",negatif,"['bobrok', 'asli', 'mending', 'tutup', 'gajelas', 'bgtpaket', 'ngestuck', 'situ', 'ajatlp', 'call', 'center', 'gabisadi', 'bales', 'botemail', 'dibalesini', 'karyawan', 'kurir', 'kerja', 'situtup', 'mendingkalo', 'ganiat', 'fakyu']","{'bobrok': 1, 'asli': 1, 'mending': 1, 'tutup': 1, 'gajelas': 1, 'bgtpaket': 1, 'ngestuck': 1, 'situ': 1, 'ajatlp': 1, 'call': 1, 'center': 1, 'gabisadi': 1, 'bales': 1, 'botemail': 1, 'dibalesini': 1, 'karyawan': 1, 'kurir': 1, 'kerja': 1, 'situtup': 1, 'mendingkalo': 1, 'ganiat': 1, 'fakyu': 1}"
"niat,nganter,paket,langgan,nggak,gila,jakarta,minggu,kaga,kirim,amatir,jasa,kirim,mending,tutup,jasa,kirim",negatif,"['niat', 'nganter', 'paket', 'langgan', 'nggak', 'gila', 'jakarta', 'minggu', 'kaga', 'kirim', 'amatir', 'jasa', 'kirim', 'mending', 'tutup', 'jasa', 'kirim']","{'niat': 1, 'nganter': 1, 'paket': 1, 'langgan': 1, 'nggak': 1, 'gila': 1, 'jakarta': 1, 'minggu': 1, 'kaga': 1, 'kirim': 3, 'amatir': 1, 'jasa': 2, 'mending': 1, 'tutup': 1}"
"chat,laku,investigasi,banget,investigasi,sampe,pagi,posisi,stuck,jakut,kecewa",negatif,"['chat', 'laku', 'investigasi', 'banget', 'investigasi', 'sampe', 'pagi', 'posisi', 'stuck', 'jakut', 'kecewa']","{'chat': 1, 'laku': 1, 'investigasi': 2, 'banget': 1, 'sampe': 1, 'pagi': 1, 'posisi': 1, 'stuck': 1, 'jakut': 1, 'kecewa': 1}"
"haloooo,kecewa,paket,pesan,ekspedisi,beda,udah,kali,please,tolong,jakarta,timur",negatif,"['haloooo', 'kecewa', 'paket', 'pesan', 'ekspedisi', 'beda', 'udah', 'kali', 'please', 'tolong', 'jakarta', 'timur']","{'haloooo': 1, 'kecewa': 1, 'paket': 1, 'pesan': 1, 'ekspedisi': 1, 'beda': 1, 'udah': 1, 'kali': 1, 'please': 1, 'tolong': 1, 'jakarta': 1, 'timur': 1}"
"pake,pikir,pikir,dehh,udah,pake,sameday,sampenya,besoklusa,anteraja,entaraja,maksud,ganti,nama,brandnya",negatif,"['pake', 'pikir', 'pikir', 'dehh', 'udah', 'pake', 'sameday', 'sampenya', 'besoklusa', 'anteraja', 'entaraja', 'maksud', 'ganti', 'nama', 'brandnya']","{'pake': 2, 'pikir': 2, 'dehh': 1, 'udah': 1, 'sameday': 1, 'sampenya': 1, 'besoklusa': 1, 'anteraja': 1, 'entaraja': 1, 'maksud': 1, 'ganti': 1, 'nama': 1, 'brandnya': 1}"
"sumpah,pdahal,sampe,kota,tuju,kirim,anter,kirim,jakut,tolol,abis",negatif,"['sumpah', 'pdahal', 'sampe', 'kota', 'tuju', 'kirim', 'anter', 'kirim', 'jakut', 'tolol', 'abis']","{'sumpah': 1, 'pdahal': 1, 'sampe': 1, 'kota': 1, 'tuju': 1, 'kirim': 2, 'anter': 1, 'jakut': 1, 'tolol': 1, 'abis': 1}"
"ngga,benah,ekspedisi,heran,cape,capek,kali,kecewa,layan,anter,jktdepok,minggu,nyampenya,tangerangjaktim,minggu,nyasar,lelet,ngawur,moga,barang,rusakhilang",negatif,"['ngga', 'benah', 'ekspedisi', 'heran', 'cape', 'capek', 'kali', 'kecewa', 'layan', 'anter', 'jktdepok', 'minggu', 'nyampenya', 'tangerangjaktim', 'minggu', 'nyasar', 'lelet', 'ngawur', 'moga', 'barang', 'rusakhilang']","{'ngga': 1, 'benah': 1, 'ekspedisi': 1, 'heran': 1, 'cape': 1, 'capek': 1, 'kali': 1, 'kecewa': 1, 'layan': 1, 'anter': 1, 'jktdepok': 1, 'minggu': 2, 'nyampenya': 1, 'tangerangjaktim': 1, 'nyasar': 1, 'lelet': 1, 'ngawur': 1, 'moga': 1, 'barang': 1, 'rusakhilang': 1}"
"sumpah,banget,kirim,tangerang,jakarta,selatan,muter,solusi,suruh,nunggu,puasa,bikin,kesel",negatif,"['sumpah', 'banget', 'kirim', 'tangerang', 'jakarta', 'selatan', 'muter', 'solusi', 'suruh', 'nunggu', 'puasa', 'bikin', 'kesel']","{'sumpah': 1, 'banget': 1, 'kirim': 1, 'tangerang': 1, 'jakarta': 1, 'selatan': 1, 'muter': 1, 'solusi': 1, 'suruh': 1, 'nunggu': 1, 'puasa': 1, 'bikin': 1, 'kesel': 1}"
"sampe,skrg,sampe,bandungjkt,udah,delivery,tunda,operasional,kalo,tutup,woiii,bener,ngaco,ekspedisi",negatif,"['sampe', 'skrg', 'sampe', 'bandungjkt', 'udah', 'delivery', 'tunda', 'operasional', 'kalo', 'tutup', 'woiii', 'bener', 'ngaco', 'ekspedisi']","{'sampe': 2, 'skrg': 1, 'bandungjkt': 1, 'udah': 1, 'delivery': 1, 'tunda': 1, 'operasional': 1, 'kalo': 1, 'tutup': 1, 'woiii': 1, 'bener': 1, 'ngaco': 1, 'ekspedisi': 1}"
"bener,bener,paket,nyampe,udah,buka,label,robek",negatif,"['bener', 'bener', 'paket', 'nyampe', 'udah', 'buka', 'label', 'robek']","{'bener': 2, 'paket': 1, 'nyampe': 1, 'udah': 1, 'buka': 1, 'label': 1, 'robek': 1}"
"suka,pake,anteraja,kirim,cepet,skrng,kecewa,sampe,pagi,status,ekspedisi,kirim,sampe",negatif,"['suka', 'pake', 'anteraja', 'kirim', 'cepet', 'skrng', 'kecewa', 'sampe', 'pagi', 'status', 'ekspedisi', 'kirim', 'sampe']","{'suka': 1, 'pake': 1, 'anteraja': 1, 'kirim': 2, 'cepet': 1, 'skrng': 1, 'kecewa': 1, 'sampe': 2, 'pagi': 1, 'status': 1, 'ekspedisi': 1}"
"kali,super,ekspedisi,ekspedisi,bener,tanggung,alias,kabur,hilang,barang,akses,buah,hasil,claim,progress,enak,report",negatif,"['kali', 'super', 'ekspedisi', 'ekspedisi', 'bener', 'tanggung', 'alias', 'kabur', 'hilang', 'barang', 'akses', 'buah', 'hasil', 'claim', 'progress', 'enak', 'report']","{'kali': 1, 'super': 1, 'ekspedisi': 2, 'bener': 1, 'tanggung': 1, 'alias': 1, 'kabur': 1, 'hilang': 1, 'barang': 1, 'akses': 1, 'buah': 1, 'hasil': 1, 'claim': 1, 'progress': 1, 'enak': 1, 'report': 1}"
takut,negatif,['takut'],{'takut': 1}
"tolong,paket",negatif,"['tolong', 'paket']","{'tolong': 1, 'paket': 1}"
"sibuk,smua,ngelayangin,smua,komplain,paket,kaga,sampe,sampe,bangsat",negatif,"['sibuk', 'smua', 'ngelayangin', 'smua', 'komplain', 'paket', 'kaga', 'sampe', 'sampe', 'bangsat']","{'sibuk': 1, 'smua': 2, 'ngelayangin': 1, 'komplain': 1, 'paket': 1, 'kaga': 1, 'sampe': 2, 'bangsat': 1}"
"paket,status,aneh,senin,kirim,alamat,sampe,sampe,sedangakan,paket,sampe,coba",negatif,"['paket', 'status', 'aneh', 'senin', 'kirim', 'alamat', 'sampe', 'sampe', 'sedangakan', 'paket', 'sampe', 'coba']","{'paket': 2, 'status': 1, 'aneh': 1, 'senin': 1, 'kirim': 1, 'alamat': 1, 'sampe': 3, 'sedangakan': 1, 'coba': 1}"
"woooiiiii,paket,guee,minggu,nyampe,pdhal,jabar,nyampe,kota,tuju",negatif,"['woooiiiii', 'paket', 'guee', 'minggu', 'nyampe', 'pdhal', 'jabar', 'nyampe', 'kota', 'tuju']","{'woooiiiii': 1, 'paket': 1, 'guee': 1, 'minggu': 1, 'nyampe': 2, 'pdhal': 1, 'jabar': 1, 'kota': 1, 'tuju': 1}"
"kalo,sampe,keteter,demand,yakali,demand,eskalasi,nambah,karyawan,coba",negatif,"['kalo', 'sampe', 'keteter', 'demand', 'yakali', 'demand', 'eskalasi', 'nambah', 'karyawan', 'coba']","{'kalo': 1, 'sampe': 1, 'keteter': 1, 'demand': 2, 'yakali': 1, 'eskalasi': 1, 'nambah': 1, 'karyawan': 1, 'coba': 1}"
"bisabisanya,foto",negatif,"['bisabisanya', 'foto']","{'bisabisanya': 1, 'foto': 1}"
"template,basa,basi,busuk",negatif,"['template', 'basa', 'basi', 'busuk']","{'template': 1, 'basa': 1, 'basi': 1, 'busuk': 1}"
"kocak,udah,bener,jogja,tinggal,kirim,deket,roket,gilaa",negatif,"['kocak', 'udah', 'bener', 'jogja', 'tinggal', 'kirim', 'deket', 'roket', 'gilaa']","{'kocak': 1, 'udah': 1, 'bener': 1, 'jogja': 1, 'tinggal': 1, 'kirim': 1, 'deket': 1, 'roket': 1, 'gilaa': 1}"
"nyesel,plih,kurir,hrga,biar,senin,kirim,slasa,mangkrak,mangkrak",negatif,"['nyesel', 'plih', 'kurir', 'hrga', 'biar', 'senin', 'kirim', 'slasa', 'mangkrak', 'mangkrak']","{'nyesel': 1, 'plih': 1, 'kurir': 1, 'hrga': 1, 'biar': 1, 'senin': 1, 'kirim': 1, 'slasa': 1, 'mangkrak': 2}"
"aneh,banget,ekspedisi,anter,lawak,status,anter,rumah,kemarin,jakarta",negatif,"['aneh', 'banget', 'ekspedisi', 'anter', 'lawak', 'status', 'anter', 'rumah', 'kemarin', 'jakarta']","{'aneh': 1, 'banget': 1, 'ekspedisi': 1, 'anter': 2, 'lawak': 1, 'status': 1, 'rumah': 1, 'kemarin': 1, 'jakarta': 1}"
"resi,lambat,kali,stuck,gerak,posisi,tlong",negatif,"['resi', 'lambat', 'kali', 'stuck', 'gerak', 'posisi', 'tlong']","{'resi': 1, 'lambat': 1, 'kali': 1, 'stuck': 1, 'gerak': 1, 'posisi': 1, 'tlong': 1}"
"gaberessss,ekspedisi",negatif,"['gaberessss', 'ekspedisi']","{'gaberessss': 1, 'ekspedisi': 1}"
"bener,sampe,ngebalik",negatif,"['bener', 'sampe', 'ngebalik']","{'bener': 1, 'sampe': 1, 'ngebalik': 1}"
"takut,driver",negatif,"['takut', 'driver']","{'takut': 1, 'driver': 1}"
"bukti,bohong,publik,coba,bukti,bukti,kalo,kurir,udah,sampe,rumah,bukti,kalo,rumah",negatif,"['bukti', 'bohong', 'publik', 'coba', 'bukti', 'bukti', 'kalo', 'kurir', 'udah', 'sampe', 'rumah', 'bukti', 'kalo', 'rumah']","{'bukti': 4, 'bohong': 1, 'publik': 1, 'coba': 1, 'kalo': 2, 'kurir': 1, 'udah': 1, 'sampe': 1, 'rumah': 2}"
"hallo,pickup,pickup,coba,chat,respon,anteraja,nama",negatif,"['hallo', 'pickup', 'pickup', 'coba', 'chat', 'respon', 'anteraja', 'nama']","{'hallo': 1, 'pickup': 2, 'coba': 1, 'chat': 1, 'respon': 1, 'anteraja': 1, 'nama': 1}"
"halo,resi,stuck,kemarin,statusnyabisa,tolong,trimz",negatif,"['halo', 'resi', 'stuck', 'kemarin', 'statusnyabisa', 'tolong', 'trimz']","{'halo': 1, 'resi': 1, 'stuck': 1, 'kemarin': 1, 'statusnyabisa': 1, 'tolong': 1, 'trimz': 1}"
"paket,same,kemarin,tolong,resi,anteraja",negatif,"['paket', 'same', 'kemarin', 'tolong', 'resi', 'anteraja']","{'paket': 1, 'same': 1, 'kemarin': 1, 'tolong': 1, 'resi': 1, 'anteraja': 1}"
"kalo,ngerepotin,puasa,lancar",negatif,"['kalo', 'ngerepotin', 'puasa', 'lancar']","{'kalo': 1, 'ngerepotin': 1, 'puasa': 1, 'lancar': 1}"
"kebalikbalik,logika,puasa,hormat,puasa,puasa,makan,minum,kena,olah,olah,nafsu",negatif,"['kebalikbalik', 'logika', 'puasa', 'hormat', 'puasa', 'puasa', 'makan', 'minum', 'kena', 'olah', 'olah', 'nafsu']","{'kebalikbalik': 1, 'logika': 1, 'puasa': 3, 'hormat': 1, 'makan': 1, 'minum': 1, 'kena': 1, 'olah': 2, 'nafsu': 1}"
"estimasi,sampe,besok,stuck,ampun,anteraja",negatif,"['estimasi', 'sampe', 'besok', 'stuck', 'ampun', 'anteraja']","{'estimasi': 1, 'sampe': 1, 'besok': 1, 'stuck': 1, 'ampun': 1, 'anteraja': 1}"
"paket,gerak",negatif,"['paket', 'gerak']","{'paket': 1, 'gerak': 1}"
"check,minn",negatif,"['check', 'minn']","{'check': 1, 'minn': 1}"
"buruk,ekspedisi,barang,udah,pick,maksud,bohongin,tunggu,bilang,tanggung,sampe",negatif,"['buruk', 'ekspedisi', 'barang', 'udah', 'pick', 'maksud', 'bohongin', 'tunggu', 'bilang', 'tanggung', 'sampe']","{'buruk': 1, 'ekspedisi': 1, 'barang': 1, 'udah': 1, 'pick': 1, 'maksud': 1, 'bohongin': 1, 'tunggu': 1, 'bilang': 1, 'tanggung': 1, 'sampe': 1}"
"halo,paket,resi,nyangkut,terang,delivery,tunda,operasional,same",negatif,"['halo', 'paket', 'resi', 'nyangkut', 'terang', 'delivery', 'tunda', 'operasional', 'same']","{'halo': 1, 'paket': 1, 'resi': 1, 'nyangkut': 1, 'terang': 1, 'delivery': 1, 'tunda': 1, 'operasional': 1, 'same': 1}"
"order,sabtu,pick,sampe",negatif,"['order', 'sabtu', 'pick', 'sampe']","{'order': 1, 'sabtu': 1, 'pick': 1, 'sampe': 1}"
"gimana,paket,customer,hilang,cecer,rugi,udah,barang,ilang,cust,uang,ngga,dapet,uang,rugi",negatif,"['gimana', 'paket', 'customer', 'hilang', 'cecer', 'rugi', 'udah', 'barang', 'ilang', 'cust', 'uang', 'ngga', 'dapet', 'uang', 'rugi']","{'gimana': 1, 'paket': 1, 'customer': 1, 'hilang': 1, 'cecer': 1, 'rugi': 2, 'udah': 1, 'barang': 1, 'ilang': 1, 'cust': 1, 'uang': 2, 'ngga': 1, 'dapet': 1}"
"esok,kaga,gerak,gerak,molor,kurir,kudu,jemput,kantor,pake,anteraja",negatif,"['esok', 'kaga', 'gerak', 'gerak', 'molor', 'kurir', 'kudu', 'jemput', 'kantor', 'pake', 'anteraja']","{'esok': 1, 'kaga': 1, 'gerak': 2, 'molor': 1, 'kurir': 1, 'kudu': 1, 'jemput': 1, 'kantor': 1, 'pake': 1, 'anteraja': 1}"
"proses,cashout,saldo,refundaja,rekening",negatif,"['proses', 'cashout', 'saldo', 'refundaja', 'rekening']","{'proses': 1, 'cashout': 1, 'saldo': 1, 'refundaja': 1, 'rekening': 1}"
"ramadan,pastibagihadiah,baiknyaramadan,kuis,guys,moga,untung,amin",netral,"['ramadan', 'pastibagihadiah', 'baiknyaramadan', 'kuis', 'guys', 'moga', 'untung', 'amin']","{'ramadan': 1, 'pastibagihadiah': 1, 'baiknyaramadan': 1, 'kuis': 1, 'guys': 1, 'moga': 1, 'untung': 1, 'amin': 1}"
"ramadan,pastibagihadiah,baiknyaramadan",netral,"['ramadan', 'pastibagihadiah', 'baiknyaramadan']","{'ramadan': 1, 'pastibagihadiah': 1, 'baiknyaramadan': 1}"
"ramadan,pastibaguhadiah,baiknyaramadan",netral,"['ramadan', 'pastibaguhadiah', 'baiknyaramadan']","{'ramadan': 1, 'pastibaguhadiah': 1, 'baiknyaramadan': 1}"
kurir,netral,['kurir'],{'kurir': 1}
"jeje,risau,kendala,paket,maja,bantu,move,akun,privasi,jaga,trims",netral,"['jeje', 'risau', 'kendala', 'paket', 'maja', 'bantu', 'move', 'akun', 'privasi', 'jaga', 'trims']","{'jeje': 1, 'risau': 1, 'kendala': 1, 'paket': 1, 'maja': 1, 'bantu': 1, 'move': 1, 'akun': 1, 'privasi': 1, 'jaga': 1, 'trims': 1}"
"hepizen,maaf,bikin,kakak,nyaman,layan,alih,kakak,akun,anterajacare,langsung,tindaklanjuti,kendala,happy,fasting,baiknyaramadan,mdas",netral,"['hepizen', 'maaf', 'bikin', 'kakak', 'nyaman', 'layan', 'alih', 'kakak', 'akun', 'anterajacare', 'langsung', 'tindaklanjuti', 'kendala', 'happy', 'fasting', 'baiknyaramadan', 'mdas']","{'hepizen': 1, 'maaf': 1, 'bikin': 1, 'kakak': 2, 'nyaman': 1, 'layan': 1, 'alih': 1, 'akun': 1, 'anterajacare': 1, 'langsung': 1, 'tindaklanjuti': 1, 'kendala': 1, 'happy': 1, 'fasting': 1, 'baiknyaramadan': 1, 'mdas': 1}"
"foto,frey",netral,"['foto', 'frey']","{'foto': 1, 'frey': 1}"
mint,netral,['mint'],{'mint': 1}
"reflek,satpam,biar,takjil",netral,"['reflek', 'satpam', 'biar', 'takjil']","{'reflek': 1, 'satpam': 1, 'biar': 1, 'takjil': 1}"
"lucuuuu,nyaa",netral,"['lucuuuu', 'nyaa']","{'lucuuuu': 1, 'nyaa': 1}"
"celine,risau,kendala,paket,maja,bantu,bisikin,resi,akun,privasi,jaga,trims",netral,"['celine', 'risau', 'kendala', 'paket', 'maja', 'bantu', 'bisikin', 'resi', 'akun', 'privasi', 'jaga', 'trims']","{'celine': 1, 'risau': 1, 'kendala': 1, 'paket': 1, 'maja': 1, 'bantu': 1, 'bisikin': 1, 'resi': 1, 'akun': 1, 'privasi': 1, 'jaga': 1, 'trims': 1}"
"cemangat,tahan,lapar,haus,cigre",netral,"['cemangat', 'tahan', 'lapar', 'haus', 'cigre']","{'cemangat': 1, 'tahan': 1, 'lapar': 1, 'haus': 1, 'cigre': 1}"
waini,netral,['waini'],{'waini': 1}
"ultah,lohh,ucapin,dongg,hehehe",netral,"['ultah', 'lohh', 'ucapin', 'dongg', 'hehehe']","{'ultah': 1, 'lohh': 1, 'ucapin': 1, 'dongg': 1, 'hehehe': 1}"
semangat,netral,['semangat'],{'semangat': 1}
"garis,putih,lapang,sekolah",netral,"['garis', 'putih', 'lapang', 'sekolah']","{'garis': 1, 'putih': 1, 'lapang': 1, 'sekolah': 1}"
"shoot,flora",netral,"['shoot', 'flora']","{'shoot': 1, 'flora': 1}"
"nice,baiknyaramadhan",netral,"['nice', 'baiknyaramadhan']","{'nice': 1, 'baiknyaramadhan': 1}"
"wedehhh,siapp,matchaaa",netral,"['wedehhh', 'siapp', 'matchaaa']","{'wedehhh': 1, 'siapp': 1, 'matchaaa': 1}"
"selamat,buka,onielll",netral,"['selamat', 'buka', 'onielll']","{'selamat': 1, 'buka': 1, 'onielll': 1}"
"ramadhan,pastibagihadiah,baiknyaramadan",netral,"['ramadhan', 'pastibagihadiah', 'baiknyaramadan']","{'ramadhan': 1, 'pastibagihadiah': 1, 'baiknyaramadan': 1}"
"hepizen,risau,kendala,paket,maja,bantu,move,akun,privasi,jaga,trims",netral,"['hepizen', 'risau', 'kendala', 'paket', 'maja', 'bantu', 'move', 'akun', 'privasi', 'jaga', 'trims']","{'hepizen': 1, 'risau': 1, 'kendala': 1, 'paket': 1, 'maja': 1, 'bantu': 1, 'move': 1, 'akun': 1, 'privasi': 1, 'jaga': 1, 'trims': 1}"
"natha,maaf,bikin,kakak,nyaman,layan,alih,kakak,akun,anterajacare,langsung,tindaklanjuti,kendala,happy,fasting,baiknyaramadan,mdas",netral,"['natha', 'maaf', 'bikin', 'kakak', 'nyaman', 'layan', 'alih', 'kakak', 'akun', 'anterajacare', 'langsung', 'tindaklanjuti', 'kendala', 'happy', 'fasting', 'baiknyaramadan', 'mdas']","{'natha': 1, 'maaf': 1, 'bikin': 1, 'kakak': 2, 'nyaman': 1, 'layan': 1, 'alih': 1, 'akun': 1, 'anterajacare': 1, 'langsung': 1, 'tindaklanjuti': 1, 'kendala': 1, 'happy': 1, 'fasting': 1, 'baiknyaramadan': 1, 'mdas': 1}"
"coba,sambungin,kalimat,gambar,lupa,pakein,hashtag,baiknyaramadan,hadiah,spesial,anteraja,reply,tarik,tunggu,yaaa,pastilebihbaik",netral,"['coba', 'sambungin', 'kalimat', 'gambar', 'lupa', 'pakein', 'hashtag', 'baiknyaramadan', 'hadiah', 'spesial', 'anteraja', 'reply', 'tarik', 'tunggu', 'yaaa', 'pastilebihbaik']","{'coba': 1, 'sambungin': 1, 'kalimat': 1, 'gambar': 1, 'lupa': 1, 'pakein': 1, 'hashtag': 1, 'baiknyaramadan': 1, 'hadiah': 1, 'spesial': 1, 'anteraja': 1, 'reply': 1, 'tarik': 1, 'tunggu': 1, 'yaaa': 1, 'pastilebihbaik': 1}"
"tunggu,naaaa",netral,"['tunggu', 'naaaa']","{'tunggu': 1, 'naaaa': 1}"
"gaada,nich",netral,"['gaada', 'nich']","{'gaada': 1, 'nich': 1}"
"gapapa,trial",netral,"['gapapa', 'trial']","{'gapapa': 1, 'trial': 1}"
"risau,kendala,paket,maja,bantu,bisikin,resi,akun,privasi,jaga,trims",netral,"['risau', 'kendala', 'paket', 'maja', 'bantu', 'bisikin', 'resi', 'akun', 'privasi', 'jaga', 'trims']","{'risau': 1, 'kendala': 1, 'paket': 1, 'maja': 1, 'bantu': 1, 'bisikin': 1, 'resi': 1, 'akun': 1, 'privasi': 1, 'jaga': 1, 'trims': 1}"
"buset,kitty",netral,"['buset', 'kitty']","{'buset': 1, 'kitty': 1}"
"bikenya,ramadan,alias,ramadan,pastibagihadiah,baiknyaramadan",netral,"['bikenya', 'ramadan', 'alias', 'ramadan', 'pastibagihadiah', 'baiknyaramadan']","{'bikenya': 1, 'ramadan': 2, 'alias': 1, 'pastibagihadiah': 1, 'baiknyaramadan': 1}"
syappppp,netral,['syappppp'],{'syappppp': 1}
"ramadan,pastibagihadiah,baiknyaramadan",netral,"['ramadan', 'pastibagihadiah', 'baiknyaramadan']","{'ramadan': 1, 'pastibagihadiah': 1, 'baiknyaramadan': 1}"
"ramadan,pastibagihadiah,baiknyaramadan",netral,"['ramadan', 'pastibagihadiah', 'baiknyaramadan']","{'ramadan': 1, 'pastibagihadiah': 1, 'baiknyaramadan': 1}"
"ramadan,pastibagihadiah,baiknyaramadan",netral,"['ramadan', 'pastibagihadiah', 'baiknyaramadan']","{'ramadan': 1, 'pastibagihadiah': 1, 'baiknyaramadan': 1}"
"ramadan,pastibagihadiah,baiknyaramadan",netral,"['ramadan', 'pastibagihadiah', 'baiknyaramadan']","{'ramadan': 1, 'pastibagihadiah': 1, 'baiknyaramadan': 1}"
uwuooggg,netral,['uwuooggg'],{'uwuooggg': 1}
"kerenn,freyana",netral,"['kerenn', 'freyana']","{'kerenn': 1, 'freyana': 1}"
"ramadan,pastibagihadiah,baiknyaramadan",netral,"['ramadan', 'pastibagihadiah', 'baiknyaramadan']","{'ramadan': 1, 'pastibagihadiah': 1, 'baiknyaramadan': 1}"
"ramadan,pastibagihadiah,baiknyaramadan",netral,"['ramadan', 'pastibagihadiah', 'baiknyaramadan']","{'ramadan': 1, 'pastibagihadiah': 1, 'baiknyaramadan': 1}"
"semangat,puasa,matcha",netral,"['semangat', 'puasa', 'matcha']","{'semangat': 1, 'puasa': 1, 'matcha': 1}"
buka,netral,['buka'],{'buka': 1}
"menu,buka,puasa",netral,"['menu', 'buka', 'puasa']","{'menu': 1, 'buka': 1, 'puasa': 1}"
"ramadan,pastibagihadiah,baiknyaramadan",netral,"['ramadan', 'pastibagihadiah', 'baiknyaramadan']","{'ramadan': 1, 'pastibagihadiah': 1, 'baiknyaramadan': 1}"
"ramadan,pastibagihadiah,baiknyaramadan",netral,"['ramadan', 'pastibagihadiah', 'baiknyaramadan']","{'ramadan': 1, 'pastibagihadiah': 1, 'baiknyaramadan': 1}"
timdibanguninemak,netral,['timdibanguninemak'],{'timdibanguninemak': 1}
sabarrr,netral,['sabarrr'],{'sabarrr': 1}
login,netral,['login'],{'login': 1}
shel,netral,['shel'],{'shel': 1}
"ayang,flora,cakep,betulll",netral,"['ayang', 'flora', 'cakep', 'betulll']","{'ayang': 1, 'flora': 1, 'cakep': 1, 'betulll': 1}"
"ramadan,pastibagihadiah,baiknyaramadan",netral,"['ramadan', 'pastibagihadiah', 'baiknyaramadan']","{'ramadan': 1, 'pastibagihadiah': 1, 'baiknyaramadan': 1}"
"agus,risau,kendala,paket,maja,bantu,bisikin,resi,akun,privasi,jaga,trims",netral,"['agus', 'risau', 'kendala', 'paket', 'maja', 'bantu', 'bisikin', 'resi', 'akun', 'privasi', 'jaga', 'trims']","{'agus': 1, 'risau': 1, 'kendala': 1, 'paket': 1, 'maja': 1, 'bantu': 1, 'bisikin': 1, 'resi': 1, 'akun': 1, 'privasi': 1, 'jaga': 1, 'trims': 1}"
photopack,netral,['photopack'],{'photopack': 1}
"rela,bolak,kornelia",netral,"['rela', 'bolak', 'kornelia']","{'rela': 1, 'bolak': 1, 'kornelia': 1}"
satpam,netral,['satpam'],{'satpam': 1}
menang,netral,['menang'],{'menang': 1}
"fureya,chan",netral,"['fureya', 'chan']","{'fureya': 1, 'chan': 1}"
puasa,netral,['puasa'],{'puasa': 1}
"okee,niel",netral,"['okee', 'niel']","{'okee': 1, 'niel': 1}"
"masya,allah",netral,"['masya', 'allah']","{'masya': 1, 'allah': 1}"
"hepizen,maaf,bikin,kakak,nyaman,layan,alih,kakak,akun,anterajacare,langsung,tindaklanjuti,kendala,happy,fasting,baiknyaramadan,mdas",netral,"['hepizen', 'maaf', 'bikin', 'kakak', 'nyaman', 'layan', 'alih', 'kakak', 'akun', 'anterajacare', 'langsung', 'tindaklanjuti', 'kendala', 'happy', 'fasting', 'baiknyaramadan', 'mdas']","{'hepizen': 1, 'maaf': 1, 'bikin': 1, 'kakak': 2, 'nyaman': 1, 'layan': 1, 'alih': 1, 'akun': 1, 'anterajacare': 1, 'langsung': 1, 'tindaklanjuti': 1, 'kendala': 1, 'happy': 1, 'fasting': 1, 'baiknyaramadan': 1, 'mdas': 1}"
"kilas,nadila,wkwkwk",netral,"['kilas', 'nadila', 'wkwkwk']","{'kilas': 1, 'nadila': 1, 'wkwkwk': 1}"
wkwk,netral,['wkwk'],{'wkwk': 1}
"cepet,sahur",netral,"['cepet', 'sahur']","{'cepet': 1, 'sahur': 1}"
"asiik,anterin,pketku,rumah",netral,"['asiik', 'anterin', 'pketku', 'rumah']","{'asiik': 1, 'anterin': 1, 'pketku': 1, 'rumah': 1}"
"semangat,jugaa,yaaa",netral,"['semangat', 'jugaa', 'yaaa']","{'semangat': 1, 'jugaa': 1, 'yaaa': 1}"
"yaudah,takjil,beliin",netral,"['yaudah', 'takjil', 'beliin']","{'yaudah': 1, 'takjil': 1, 'beliin': 1}"
congrats,netral,['congrats'],{'congrats': 1}
"ramadhan,pastibagihadiah,baiknyaramadan",netral,"['ramadhan', 'pastibagihadiah', 'baiknyaramadan']","{'ramadhan': 1, 'pastibagihadiah': 1, 'baiknyaramadan': 1}"
"risau,kendala,paket,maja,bantu,bisikin,resi,akun,privasi,jaga,trims",netral,"['risau', 'kendala', 'paket', 'maja', 'bantu', 'bisikin', 'resi', 'akun', 'privasi', 'jaga', 'trims']","{'risau': 1, 'kendala': 1, 'paket': 1, 'maja': 1, 'bantu': 1, 'bisikin': 1, 'resi': 1, 'akun': 1, 'privasi': 1, 'jaga': 1, 'trims': 1}"
"coba,isengin,shani,mpen,biar,puasa",netral,"['coba', 'isengin', 'shani', 'mpen', 'biar', 'puasa']","{'coba': 1, 'isengin': 1, 'shani': 1, 'mpen': 1, 'biar': 1, 'puasa': 1}"
"definisi,baiknyaramadan,versi,wota,tahan,tubir,twitter,twit,tubir,timeline,scroll,pancing,pahala,puasa,kerja,pastibagihadiah",netral,"['definisi', 'baiknyaramadan', 'versi', 'wota', 'tahan', 'tubir', 'twitter', 'twit', 'tubir', 'timeline', 'scroll', 'pancing', 'pahala', 'puasa', 'kerja', 'pastibagihadiah']","{'definisi': 1, 'baiknyaramadan': 1, 'versi': 1, 'wota': 1, 'tahan': 1, 'tubir': 2, 'twitter': 1, 'twit': 1, 'timeline': 1, 'scroll': 1, 'pancing': 1, 'pahala': 1, 'puasa': 1, 'kerja': 1, 'pastibagihadiah': 1}"
"coba,seller,sukabumi,paket,udah,tangan,kurir",netral,"['coba', 'seller', 'sukabumi', 'paket', 'udah', 'tangan', 'kurir']","{'coba': 1, 'seller': 1, 'sukabumi': 1, 'paket': 1, 'udah': 1, 'tangan': 1, 'kurir': 1}"
"satpam,deket,rumah",netral,"['satpam', 'deket', 'rumah']","{'satpam': 1, 'deket': 1, 'rumah': 1}"
"bismilah,cigre",netral,"['bismilah', 'cigre']","{'bismilah': 1, 'cigre': 1}"
"ramadhan,pastibagihadiah,baiknyaramadan",netral,"['ramadhan', 'pastibagihadiah', 'baiknyaramadan']","{'ramadhan': 1, 'pastibagihadiah': 1, 'baiknyaramadan': 1}"
"pagi,admin,kemarin,request,pickup,paket,shopee,kurir,pickup,gimana,butuh,bantu,pickup,paket,terima,kasih",netral,"['pagi', 'admin', 'kemarin', 'request', 'pickup', 'paket', 'shopee', 'kurir', 'pickup', 'gimana', 'butuh', 'bantu', 'pickup', 'paket', 'terima', 'kasih']","{'pagi': 1, 'admin': 1, 'kemarin': 1, 'request': 1, 'pickup': 3, 'paket': 2, 'shopee': 1, 'kurir': 1, 'gimana': 1, 'butuh': 1, 'bantu': 1, 'terima': 1, 'kasih': 1}"
"alahhhh,cantik",netral,"['alahhhh', 'cantik']","{'alahhhh': 1, 'cantik': 1}"
marshaoloh,netral,['marshaoloh'],{'marshaoloh': 1}
"maeng,maeng,maeng",netral,"['maeng', 'maeng', 'maeng']",{'maeng': 3}
pict,netral,['pict'],{'pict': 1}
"ramadhan,bang,bang,pastibagihadiah,baiknyaramadan",netral,"['ramadhan', 'bang', 'bang', 'pastibagihadiah', 'baiknyaramadan']","{'ramadhan': 1, 'bang': 2, 'pastibagihadiah': 1, 'baiknyaramadan': 1}"
"ramadan,pastibagihadiah,baiknyaramadan",netral,"['ramadan', 'pastibagihadiah', 'baiknyaramadan']","{'ramadan': 1, 'pastibagihadiah': 1, 'baiknyaramadan': 1}"
"laras,risau,kendala,paket,maja,bantu,move,akun,privasi,jaga,trims",netral,"['laras', 'risau', 'kendala', 'paket', 'maja', 'bantu', 'move', 'akun', 'privasi', 'jaga', 'trims']","{'laras': 1, 'risau': 1, 'kendala': 1, 'paket': 1, 'maja': 1, 'bantu': 1, 'move': 1, 'akun': 1, 'privasi': 1, 'jaga': 1, 'trims': 1}"
"kalo,satria,auto,nungguin,pintu",netral,"['kalo', 'satria', 'auto', 'nungguin', 'pintu']","{'kalo': 1, 'satria': 1, 'auto': 1, 'nungguin': 1, 'pintu': 1}"
"suka,mpen,gaya,ngelendot,lihat,anak,ngelendot,cici",netral,"['suka', 'mpen', 'gaya', 'ngelendot', 'lihat', 'anak', 'ngelendot', 'cici']","{'suka': 1, 'mpen': 1, 'gaya': 1, 'ngelendot': 2, 'lihat': 1, 'anak': 1, 'cici': 1}"
"kirain,chika,hpnya,nyata,christy",netral,"['kirain', 'chika', 'hpnya', 'nyata', 'christy']","{'kirain': 1, 'chika': 1, 'hpnya': 1, 'nyata': 1, 'christy': 1}"
"emng,peduli,bebebku",netral,"['emng', 'peduli', 'bebebku']","{'emng': 1, 'peduli': 1, 'bebebku': 1}"
asyhaduu,netral,['asyhaduu'],{'asyhaduu': 1}
"ramadhan,pastibagihadiah,baiknyaramadan",netral,"['ramadhan', 'pastibagihadiah', 'baiknyaramadan']","{'ramadhan': 1, 'pastibagihadiah': 1, 'baiknyaramadan': 1}"
"buka,pake,boss",netral,"['buka', 'pake', 'boss']","{'buka': 1, 'pake': 1, 'boss': 1}"
"mumpung,event,gede",netral,"['mumpung', 'event', 'gede']","{'mumpung': 1, 'event': 1, 'gede': 1}"
okeh,netral,['okeh'],{'okeh': 1}
"info,lowong,satpam,deket,rumah",netral,"['info', 'lowong', 'satpam', 'deket', 'rumah']","{'info': 1, 'lowong': 1, 'satpam': 1, 'deket': 1, 'rumah': 1}"
"ramadan,pastibagihadiah,baiknyaramadan",netral,"['ramadan', 'pastibagihadiah', 'baiknyaramadan']","{'ramadan': 1, 'pastibagihadiah': 1, 'baiknyaramadan': 1}"
"maeng,puasa,paskahbukan,puasa,ramadan",netral,"['maeng', 'puasa', 'paskahbukan', 'puasa', 'ramadan']","{'maeng': 1, 'puasa': 2, 'paskahbukan': 1, 'ramadan': 1}"
"bener,biar,dapet,kwrunianya",netral,"['bener', 'biar', 'dapet', 'kwrunianya']","{'bener': 1, 'biar': 1, 'dapet': 1, 'kwrunianya': 1}"
"kyaaaaa,furora,chwaaannn,arigatouuu,anterusan",netral,"['kyaaaaa', 'furora', 'chwaaannn', 'arigatouuu', 'anterusan']","{'kyaaaaa': 1, 'furora': 1, 'chwaaannn': 1, 'arigatouuu': 1, 'anterusan': 1}"
"ramadan,pastibagihadiah,baiknyaramadan",netral,"['ramadan', 'pastibagihadiah', 'baiknyaramadan']","{'ramadan': 1, 'pastibagihadiah': 1, 'baiknyaramadan': 1}"
"cocok,oniel,kurir,anteraja",netral,"['cocok', 'oniel', 'kurir', 'anteraja']","{'cocok': 1, 'oniel': 1, 'kurir': 1, 'anteraja': 1}"
"pink,banget",netral,"['pink', 'banget']","{'pink': 1, 'banget': 1}"
wkwkwkwkwk,netral,['wkwkwkwkwk'],{'wkwkwkwkwk': 1}
"hepizen,maaf,bikin,kakak,nyaman,layan,alih,kakak,akun,anterajacare,langsung,tindaklanjuti,kendala,happy,fasting,baiknyaramadan,mdas",netral,"['hepizen', 'maaf', 'bikin', 'kakak', 'nyaman', 'layan', 'alih', 'kakak', 'akun', 'anterajacare', 'langsung', 'tindaklanjuti', 'kendala', 'happy', 'fasting', 'baiknyaramadan', 'mdas']","{'hepizen': 1, 'maaf': 1, 'bikin': 1, 'kakak': 2, 'nyaman': 1, 'layan': 1, 'alih': 1, 'akun': 1, 'anterajacare': 1, 'langsung': 1, 'tindaklanjuti': 1, 'kendala': 1, 'happy': 1, 'fasting': 1, 'baiknyaramadan': 1, 'mdas': 1}"
"izin,save,foto,oniel",netral,"['izin', 'save', 'foto', 'oniel']","{'izin': 1, 'save': 1, 'foto': 1, 'oniel': 1}"
"ramadan,pake,baiknyaramadan,pastibagihadiah",netral,"['ramadan', 'pake', 'baiknyaramadan', 'pastibagihadiah']","{'ramadan': 1, 'pake': 1, 'baiknyaramadan': 1, 'pastibagihadiah': 1}"
"kasih,takjil",netral,"['kasih', 'takjil']","{'kasih': 1, 'takjil': 1}"
"haek,gimana,kabar",netral,"['haek', 'gimana', 'kabar']","{'haek': 1, 'gimana': 1, 'kabar': 1}"
"ramadan,pastibagihadiah,baiknyaramadan",netral,"['ramadan', 'pastibagihadiah', 'baiknyaramadan']","{'ramadan': 1, 'pastibagihadiah': 1, 'baiknyaramadan': 1}"
thanks,netral,['thanks'],{'thanks': 1}
"syarat,reply,mention,orang,teman,biar,hashtag,pastibagihadiah,baiknyaramadan,moga,untung",netral,"['syarat', 'reply', 'mention', 'orang', 'teman', 'biar', 'hashtag', 'pastibagihadiah', 'baiknyaramadan', 'moga', 'untung']","{'syarat': 1, 'reply': 1, 'mention': 1, 'orang': 1, 'teman': 1, 'biar': 1, 'hashtag': 1, 'pastibagihadiah': 1, 'baiknyaramadan': 1, 'moga': 1, 'untung': 1}"
"ramadhan,oshi,cantik,banget",netral,"['ramadhan', 'oshi', 'cantik', 'banget']","{'ramadhan': 1, 'oshi': 1, 'cantik': 1, 'banget': 1}"
"baiknyaramadan,kali,hormat,member,puasa,makan,skalian,coba,puasa",netral,"['baiknyaramadan', 'kali', 'hormat', 'member', 'puasa', 'makan', 'skalian', 'coba', 'puasa']","{'baiknyaramadan': 1, 'kali': 1, 'hormat': 1, 'member': 1, 'puasa': 2, 'makan': 1, 'skalian': 1, 'coba': 1}"
siaaaappp,netral,['siaaaappp'],{'siaaaappp': 1}
"cakep,bener",netral,"['cakep', 'bener']","{'cakep': 1, 'bener': 1}"
freyaaa,netral,['freyaaa'],{'freyaaa': 1}
"maaf,bikin,kakak,nyaman,layan,alih,kakak,akun,anterajacare,langsung,tindaklanjuti,kendala,happy,fasting,baiknyaramadan,mdas",netral,"['maaf', 'bikin', 'kakak', 'nyaman', 'layan', 'alih', 'kakak', 'akun', 'anterajacare', 'langsung', 'tindaklanjuti', 'kendala', 'happy', 'fasting', 'baiknyaramadan', 'mdas']","{'maaf': 1, 'bikin': 1, 'kakak': 2, 'nyaman': 1, 'layan': 1, 'alih': 1, 'akun': 1, 'anterajacare': 1, 'langsung': 1, 'tindaklanjuti': 1, 'kendala': 1, 'happy': 1, 'fasting': 1, 'baiknyaramadan': 1, 'mdas': 1}"
"buset,buset",netral,"['buset', 'buset']",{'buset': 2}
"irfan,maaf,bikin,kakak,nyaman,layan,alih,kakak,akun,anterajacare,langsung,tindaklanjuti,kendala,happy,fasting,baiknyaramadan,mdas",netral,"['irfan', 'maaf', 'bikin', 'kakak', 'nyaman', 'layan', 'alih', 'kakak', 'akun', 'anterajacare', 'langsung', 'tindaklanjuti', 'kendala', 'happy', 'fasting', 'baiknyaramadan', 'mdas']","{'irfan': 1, 'maaf': 1, 'bikin': 1, 'kakak': 2, 'nyaman': 1, 'layan': 1, 'alih': 1, 'akun': 1, 'anterajacare': 1, 'langsung': 1, 'tindaklanjuti': 1, 'kendala': 1, 'happy': 1, 'fasting': 1, 'baiknyaramadan': 1, 'mdas': 1}"
"bang,satria,pacar,akuu",netral,"['bang', 'satria', 'pacar', 'akuu']","{'bang': 1, 'satria': 1, 'pacar': 1, 'akuu': 1}"
"lupa,showroom",netral,"['lupa', 'showroom']","{'lupa': 1, 'showroom': 1}"
"sandra,maaf,bikin,kakak,risau,layan,move,maja,tunggu,chat,moga,puasa,lancar,dapet,baiknyaramadan,trims",netral,"['sandra', 'maaf', 'bikin', 'kakak', 'risau', 'layan', 'move', 'maja', 'tunggu', 'chat', 'moga', 'puasa', 'lancar', 'dapet', 'baiknyaramadan', 'trims']","{'sandra': 1, 'maaf': 1, 'bikin': 1, 'kakak': 1, 'risau': 1, 'layan': 1, 'move': 1, 'maja': 1, 'tunggu': 1, 'chat': 1, 'moga': 1, 'puasa': 1, 'lancar': 1, 'dapet': 1, 'baiknyaramadan': 1, 'trims': 1}"
"ramadan,pastibagihadiah,baiknyaramadan",netral,"['ramadan', 'pastibagihadiah', 'baiknyaramadan']","{'ramadan': 1, 'pastibagihadiah': 1, 'baiknyaramadan': 1}"
mint,netral,['mint'],{'mint': 1}
"matahari,lari,muda",netral,"['matahari', 'lari', 'muda']","{'matahari': 1, 'lari': 1, 'muda': 1}"
anter,netral,['anter'],{'anter': 1}
"ramadan,skuyyy,pastibagihadiah,baiknyaramadan",netral,"['ramadan', 'skuyyy', 'pastibagihadiah', 'baiknyaramadan']","{'ramadan': 1, 'skuyyy': 1, 'pastibagihadiah': 1, 'baiknyaramadan': 1}"
yukkk,netral,['yukkk'],{'yukkk': 1}
"halah,ngetagnya,chika,jugaa,coba,upload,poto,bebebnya,nambah",netral,"['halah', 'ngetagnya', 'chika', 'jugaa', 'coba', 'upload', 'poto', 'bebebnya', 'nambah']","{'halah': 1, 'ngetagnya': 1, 'chika': 1, 'jugaa': 1, 'coba': 1, 'upload': 1, 'poto': 1, 'bebebnya': 1, 'nambah': 1}"
"semangat,puasa",netral,"['semangat', 'puasa']","{'semangat': 1, 'puasa': 1}"
"reply,with,give,katakata,semangat,puasa,sebentar,buka",netral,"['reply', 'with', 'give', 'katakata', 'semangat', 'puasa', 'sebentar', 'buka']","{'reply': 1, 'with': 1, 'give': 1, 'katakata': 1, 'semangat': 1, 'puasa': 1, 'sebentar': 1, 'buka': 1}"
"free,wallpaper",netral,"['free', 'wallpaper']","{'free': 1, 'wallpaper': 1}"
cubit,netral,['cubit'],{'cubit': 1}
"share,foto",netral,"['share', 'foto']","{'share': 1, 'foto': 1}"
best,netral,['best'],{'best': 1}
beeuuuhhh,netral,['beeuuuhhh'],{'beeuuuhhh': 1}
"benerbener,yaaaa,wedeeeeh,oniel,cuyyy",netral,"['benerbener', 'yaaaa', 'wedeeeeh', 'oniel', 'cuyyy']","{'benerbener': 1, 'yaaaa': 1, 'wedeeeeh': 1, 'oniel': 1, 'cuyyy': 1}"
wkwkkwkw,netral,['wkwkkwkw'],{'wkwkkwkw': 1}
"umur,hidup,kali,pngen,satpam,dket,rumah",netral,"['umur', 'hidup', 'kali', 'pngen', 'satpam', 'dket', 'rumah']","{'umur': 1, 'hidup': 1, 'kali': 1, 'pngen': 1, 'satpam': 1, 'dket': 1, 'rumah': 1}"
"suci,risau,kendala,paket,maja,bantu,bisikin,resi,akun,privasi,jaga,trims",netral,"['suci', 'risau', 'kendala', 'paket', 'maja', 'bantu', 'bisikin', 'resi', 'akun', 'privasi', 'jaga', 'trims']","{'suci': 1, 'risau': 1, 'kendala': 1, 'paket': 1, 'maja': 1, 'bantu': 1, 'bisikin': 1, 'resi': 1, 'akun': 1, 'privasi': 1, 'jaga': 1, 'trims': 1}"
"ramadan,pastibagihadiah,baiknyaramadan",netral,"['ramadan', 'pastibagihadiah', 'baiknyaramadan']","{'ramadan': 1, 'pastibagihadiah': 1, 'baiknyaramadan': 1}"
"sahur,pict",netral,"['sahur', 'pict']","{'sahur': 1, 'pict': 1}"
"baiknyaramadan,kali,hormat,member,puasa,makan,skalian,coba,puasa",netral,"['baiknyaramadan', 'kali', 'hormat', 'member', 'puasa', 'makan', 'skalian', 'coba', 'puasa']","{'baiknyaramadan': 1, 'kali': 1, 'hormat': 1, 'member': 1, 'puasa': 2, 'makan': 1, 'skalian': 1, 'coba': 1}"
"makasih,cinta,dehh",positif,"['makasih', 'cinta', 'dehh']","{'makasih': 1, 'cinta': 1, 'dehh': 1}"
"kirim,pake,frozen",positif,"['kirim', 'pake', 'frozen']","{'kirim': 1, 'pake': 1, 'frozen': 1}"
"aduh,makasih",positif,"['aduh', 'makasih']","{'aduh': 1, 'makasih': 1}"
"mantap,suka,suka",positif,"['mantap', 'suka', 'suka']","{'mantap': 1, 'suka': 2}"
"nganterin,bday,tshirtnya,flora,cantik,yaaa",positif,"['nganterin', 'bday', 'tshirtnya', 'flora', 'cantik', 'yaaa']","{'nganterin': 1, 'bday': 1, 'tshirtnya': 1, 'flora': 1, 'cantik': 1, 'yaaa': 1}"
"thank,mimin",positif,"['thank', 'mimin']","{'thank': 1, 'mimin': 1}"
makas,positif,['makas'],{'makas': 1}
"makasih,makasih,makasih,miaw",positif,"['makasih', 'makasih', 'makasih', 'miaw']","{'makasih': 3, 'miaw': 1}"
"terimakasih,mimin",positif,"['terimakasih', 'mimin']","{'terimakasih': 1, 'mimin': 1}"
"yeayyy,thankyouu",positif,"['yeayyy', 'thankyouu']","{'yeayyy': 1, 'thankyouu': 1}"
"baaguss,donh,respect,with",positif,"['baaguss', 'donh', 'respect', 'with']","{'baaguss': 1, 'donh': 1, 'respect': 1, 'with': 1}"
"pake,hahaha",positif,"['pake', 'hahaha']","{'pake': 1, 'hahaha': 1}"
"udah,anteraja,bantu,alhamdulillah,udah,sampe,kakk",positif,"['udah', 'anteraja', 'bantu', 'alhamdulillah', 'udah', 'sampe', 'kakk']","{'udah': 2, 'anteraja': 1, 'bantu': 1, 'alhamdulillah': 1, 'sampe': 1, 'kakk': 1}"
"ramadan,pake",positif,"['ramadan', 'pake']","{'ramadan': 1, 'pake': 1}"
"rusa,jaga,semangat",positif,"['rusa', 'jaga', 'semangat']","{'rusa': 1, 'jaga': 1, 'semangat': 1}"
marah,positif,['marah'],{'marah': 1}
semangat,positif,['semangat'],{'semangat': 1}
kerennyaa,positif,['kerennyaa'],{'kerennyaa': 1}
mantap,positif,['mantap'],{'mantap': 1}
"tolong,thank",positif,"['tolong', 'thank']","{'tolong': 1, 'thank': 1}"
makasih,positif,['makasih'],{'makasih': 1}
oniel,positif,['oniel'],{'oniel': 1}
"masya,allah",positif,"['masya', 'allah']","{'masya': 1, 'allah': 1}"
"aaaa,keren,asik",positif,"['aaaa', 'keren', 'asik']","{'aaaa': 1, 'keren': 1, 'asik': 1}"
thankyou,positif,['thankyou'],{'thankyou': 1}
"wiih,alhamdulillah",positif,"['wiih', 'alhamdulillah']","{'wiih': 1, 'alhamdulillah': 1}"
"beuh,bahagia,kasih,lord,preya",positif,"['beuh', 'bahagia', 'kasih', 'lord', 'preya']","{'beuh': 1, 'bahagia': 1, 'kasih': 1, 'lord': 1, 'preya': 1}"
"bestieku,emang",positif,"['bestieku', 'emang']","{'bestieku': 1, 'emang': 1}"
"makasih,ngirimin,makan",positif,"['makasih', 'ngirimin', 'makan']","{'makasih': 1, 'ngirimin': 1, 'makan': 1}"
"thanks,info",positif,"['thanks', 'info']","{'thanks': 1, 'info': 1}"
"makasihhh,cici",positif,"['makasihhh', 'cici']","{'makasihhh': 1, 'cici': 1}"
"masyaallah,mulia,anak",positif,"['masyaallah', 'mulia', 'anak']","{'masyaallah': 1, 'mulia': 1, 'anak': 1}"
"mantap,keren",positif,"['mantap', 'keren']","{'mantap': 1, 'keren': 1}"
"alangkah,cerita,brbagi,takjil,lanjutin,showroom,ndoro",positif,"['alangkah', 'cerita', 'brbagi', 'takjil', 'lanjutin', 'showroom', 'ndoro']","{'alangkah': 1, 'cerita': 1, 'brbagi': 1, 'takjil': 1, 'lanjutin': 1, 'showroom': 1, 'ndoro': 1}"
"masyaaallah,freyaa",positif,"['masyaaallah', 'freyaa']","{'masyaaallah': 1, 'freyaa': 1}"
allhamdulilah,positif,['allhamdulilah'],{'allhamdulilah': 1}
"makasih,cijess",positif,"['makasih', 'cijess']","{'makasih': 1, 'cijess': 1}"
"terima,kasih,cici",positif,"['terima', 'kasih', 'cici']","{'terima': 1, 'kasih': 1, 'cici': 1}"
"satpam,dapet,bonus,senyum",positif,"['satpam', 'dapet', 'bonus', 'senyum']","{'satpam': 1, 'dapet': 1, 'bonus': 1, 'senyum': 1}"
"bahagia,satpam,wkwk",positif,"['bahagia', 'satpam', 'wkwk']","{'bahagia': 1, 'satpam': 1, 'wkwk': 1}"
"baiknyaramadhan,kali,semangatin,temen,temen,sahur",positif,"['baiknyaramadhan', 'kali', 'semangatin', 'temen', 'temen', 'sahur']","{'baiknyaramadhan': 1, 'kali': 1, 'semangatin': 1, 'temen': 2, 'sahur': 1}"
kerennn,positif,['kerennn'],{'kerennn': 1}
"waini,moga,berkah,aamiin",positif,"['waini', 'moga', 'berkah', 'aamiin']","{'waini': 1, 'moga': 1, 'berkah': 1, 'aamiin': 1}"
barakallah,positif,['barakallah'],{'barakallah': 1}
"kerennn,showroom",positif,"['kerennn', 'showroom']","{'kerennn': 1, 'showroom': 1}"
"peace,love,gawl",positif,"['peace', 'love', 'gawl']","{'peace': 1, 'love': 1, 'gawl': 1}"
"satpam,kasi,senyum,dapet,sunnah",positif,"['satpam', 'kasi', 'senyum', 'dapet', 'sunnah']","{'satpam': 1, 'kasi': 1, 'senyum': 1, 'dapet': 1, 'sunnah': 1}"
alhamdulillah,positif,['alhamdulillah'],{'alhamdulillah': 1}
cakeppp,positif,['cakeppp'],{'cakeppp': 1}
alhamdulillah,positif,['alhamdulillah'],{'alhamdulillah': 1}
keren,positif,['keren'],{'keren': 1}
"reply,twit,makan,dessert,udah,manis,manis,karna,baca,twitmu,okede,trims,semangat",positif,"['reply', 'twit', 'makan', 'dessert', 'udah', 'manis', 'manis', 'karna', 'baca', 'twitmu', 'okede', 'trims', 'semangat']","{'reply': 1, 'twit': 1, 'makan': 1, 'dessert': 1, 'udah': 1, 'manis': 2, 'karna': 1, 'baca': 1, 'twitmu': 1, 'okede': 1, 'trims': 1, 'semangat': 1}"
keren,positif,['keren'],{'keren': 1}
"ngab,toya,cakep,banget,masya,allah",positif,"['ngab', 'toya', 'cakep', 'banget', 'masya', 'allah']","{'ngab': 1, 'toya': 1, 'cakep': 1, 'banget': 1, 'masya': 1, 'allah': 1}"
astaga,positif,['astaga'],{'astaga': 1}
"mantab,mplor",positif,"['mantab', 'mplor']","{'mantab': 1, 'mplor': 1}"
kiyowo,positif,['kiyowo'],{'kiyowo': 1}
"makasih,foto,mimin,hati,sombong",positif,"['makasih', 'foto', 'mimin', 'hati', 'sombong']","{'makasih': 1, 'foto': 1, 'mimin': 1, 'hati': 1, 'sombong': 1}"
"makasiii,kaaa,wkwk,lancar,puasanyaa",positif,"['makasiii', 'kaaa', 'wkwk', 'lancar', 'puasanyaa']","{'makasiii': 1, 'kaaa': 1, 'wkwk': 1, 'lancar': 1, 'puasanyaa': 1}"
flora,positif,['flora'],{'flora': 1}
"beuhhhh,keren,banget",positif,"['beuhhhh', 'keren', 'banget']","{'beuhhhh': 1, 'keren': 1, 'banget': 1}"
"kalo,tukang,paket",positif,"['kalo', 'tukang', 'paket']","{'kalo': 1, 'tukang': 1, 'paket': 1}"
"kalo,kurir,anterajanya,kirim,paket,request,pick,inimah",positif,"['kalo', 'kurir', 'anterajanya', 'kirim', 'paket', 'request', 'pick', 'inimah']","{'kalo': 1, 'kurir': 1, 'anterajanya': 1, 'kirim': 1, 'paket': 1, 'request': 1, 'pick': 1, 'inimah': 1}"
"anter,paket,rumah,hehe",positif,"['anter', 'paket', 'rumah', 'hehe']","{'anter': 1, 'paket': 1, 'rumah': 1, 'hehe': 1}"
"masya,allah",positif,"['masya', 'allah']","{'masya': 1, 'allah': 1}"
"kurir,sayang",positif,"['kurir', 'sayang']","{'kurir': 1, 'sayang': 1}"
"telat,pickup,contoh,bener,gitu,biar,telat,alas,nyalahin,seller,please,kalo,cepat,jujur,gituloooo",positif,"['telat', 'pickup', 'contoh', 'bener', 'gitu', 'biar', 'telat', 'alas', 'nyalahin', 'seller', 'please', 'kalo', 'cepat', 'jujur', 'gituloooo']","{'telat': 2, 'pickup': 1, 'contoh': 1, 'bener': 1, 'gitu': 1, 'biar': 1, 'alas': 1, 'nyalahin': 1, 'seller': 1, 'please': 1, 'kalo': 1, 'cepat': 1, 'jujur': 1, 'gituloooo': 1}"
"oniel,emang,cantik,banget,sayang,banget,oniel,oniel,rajin,ngabarin",positif,"['oniel', 'emang', 'cantik', 'banget', 'sayang', 'banget', 'oniel', 'oniel', 'rajin', 'ngabarin']","{'oniel': 3, 'emang': 1, 'cantik': 1, 'banget': 2, 'sayang': 1, 'rajin': 1, 'ngabarin': 1}"
"wededeh,alhamdulillah",positif,"['wededeh', 'alhamdulillah']","{'wededeh': 1, 'alhamdulillah': 1}"
"makasiiih,minn,udah,ajak,mampir",positif,"['makasiiih', 'minn', 'udah', 'ajak', 'mampir']","{'makasiiih': 1, 'minn': 1, 'udah': 1, 'ajak': 1, 'mampir': 1}"
cinta,positif,['cinta'],{'cinta': 1}
"masya,allah,onyiel",positif,"['masya', 'allah', 'onyiel']","{'masya': 1, 'allah': 1, 'onyiel': 1}"
mantap,positif,['mantap'],{'mantap': 1}
"eiitttsss,produk",positif,"['eiitttsss', 'produk']","{'eiitttsss': 1, 'produk': 1}"
"masya,allah",positif,"['masya', 'allah']","{'masya': 1, 'allah': 1}"
"mantaaps,bujet",positif,"['mantaaps', 'bujet']","{'mantaaps': 1, 'bujet': 1}"
"mimin,satsetsatset,normal,bolak,portairport,kota,asalgtkota,tujuangthubgtkota",positif,"['mimin', 'satsetsatset', 'normal', 'bolak', 'portairport', 'kota', 'asalgtkota', 'tujuangthubgtkota']","{'mimin': 1, 'satsetsatset': 1, 'normal': 1, 'bolak': 1, 'portairport': 1, 'kota': 1, 'asalgtkota': 1, 'tujuangthubgtkota': 1}"
mantul,positif,['mantul'],{'mantul': 1}
kereen,positif,['kereen'],{'kereen': 1}
"keren,queen",positif,"['keren', 'queen']","{'keren': 1, 'queen': 1}"
"keren,marshaa",positif,"['keren', 'marshaa']","{'keren': 1, 'marshaa': 1}"
"subhanallah,onieeelll",positif,"['subhanallah', 'onieeelll']","{'subhanallah': 1, 'onieeelll': 1}"
cakepp,positif,['cakepp'],{'cakepp': 1}
"widihh,keren",positif,"['widihh', 'keren']","{'widihh': 1, 'keren': 1}"
"wihh,manntulity",positif,"['wihh', 'manntulity']","{'wihh': 1, 'manntulity': 1}"
"beuhhh,mangstap",positif,"['beuhhh', 'mangstap']","{'beuhhh': 1, 'mangstap': 1}"
"keren,matcha",positif,"['keren', 'matcha']","{'keren': 1, 'matcha': 1}"
masyaallah,positif,['masyaallah'],{'masyaallah': 1}
keren,positif,['keren'],{'keren': 1}
masyaallah,positif,['masyaallah'],{'masyaallah': 1}
kerennn,positif,['kerennn'],{'kerennn': 1}
"bangga,lohhh",positif,"['bangga', 'lohhh']","{'bangga': 1, 'lohhh': 1}"
"pake,anteraja,berangkat,kerja,pake",positif,"['pake', 'anteraja', 'berangkat', 'kerja', 'pake']","{'pake': 2, 'anteraja': 1, 'berangkat': 1, 'kerja': 1}"
mint,positif,['mint'],{'mint': 1}
"terima,kasih,anteraja,marsha,ngetwit",positif,"['terima', 'kasih', 'anteraja', 'marsha', 'ngetwit']","{'terima': 1, 'kasih': 1, 'anteraja': 1, 'marsha': 1, 'ngetwit': 1}"
"thanks,info",positif,"['thanks', 'info']","{'thanks': 1, 'info': 1}"
mantappp,positif,['mantappp'],{'mantappp': 1}
"mashallah,subhanallah,matchaaa",positif,"['mashallah', 'subhanallah', 'matchaaa']","{'mashallah': 1, 'subhanallah': 1, 'matchaaa': 1}"
"kerenn,marsha",positif,"['kerenn', 'marsha']","{'kerenn': 1, 'marsha': 1}"
alhamdulillah,positif,['alhamdulillah'],{'alhamdulillah': 1}
"mantulity,alias,mint",positif,"['mantulity', 'alias', 'mint']","{'mantulity': 1, 'alias': 1, 'mint': 1}"
"kerennn,semangat,browwww",positif,"['kerennn', 'semangat', 'browwww']","{'kerennn': 1, 'semangat': 1, 'browwww': 1}"
"wedehhhh,mantap,anime",positif,"['wedehhhh', 'mantap', 'anime']","{'wedehhhh': 1, 'mantap': 1, 'anime': 1}"
mantap,positif,['mantap'],{'mantap': 1}
"mantap,shaa",positif,"['mantap', 'shaa']","{'mantap': 1, 'shaa': 1}"
"beuuhhhhhh,mantap",positif,"['beuuhhhhhh', 'mantap']","{'beuuhhhhhh': 1, 'mantap': 1}"
keren,positif,['keren'],{'keren': 1}
ntapppp,positif,['ntapppp'],{'ntapppp': 1}
"mantap,mint",positif,"['mantap', 'mint']","{'mantap': 1, 'mint': 1}"
"keren,oshiku",positif,"['keren', 'oshiku']","{'keren': 1, 'oshiku': 1}"
mantapp,positif,['mantapp'],{'mantapp': 1}
kerenn,positif,['kerenn'],{'kerenn': 1}
mint,positif,['mint'],{'mint': 1}
masyaallah,positif,['masyaallah'],{'masyaallah': 1}
"mauuu,jugaaaa",positif,"['mauuu', 'jugaaaa']","{'mauuu': 1, 'jugaaaa': 1}"
masyaallah,positif,['masyaallah'],{'masyaallah': 1}
"mantap,mint",positif,"['mantap', 'mint']","{'mantap': 1, 'mint': 1}"
"wihhh,keren,mint",positif,"['wihhh', 'keren', 'mint']","{'wihhh': 1, 'keren': 1, 'mint': 1}"
"wedee,mangtapp",positif,"['wedee', 'mangtapp']","{'wedee': 1, 'mangtapp': 1}"
"terima,kasih",positif,"['terima', 'kasih']","{'terima': 1, 'kasih': 1}"
masyaallah,positif,['masyaallah'],{'masyaallah': 1}
mantap,positif,['mantap'],{'mantap': 1}
mantap,positif,['mantap'],{'mantap': 1}
"kerja,bagus",positif,"['kerja', 'bagus']","{'kerja': 1, 'bagus': 1}"
keren,positif,['keren'],{'keren': 1}
"mantappp,cigee,emang",positif,"['mantappp', 'cigee', 'emang']","{'mantappp': 1, 'cigee': 1, 'emang': 1}"
"wihhh,keren",positif,"['wihhh', 'keren']","{'wihhh': 1, 'keren': 1}"
"mantap,cimta",positif,"['mantap', 'cimta']","{'mantap': 1, 'cimta': 1}"
kereeen,positif,['kereeen'],{'kereeen': 1}
"mantap,mint",positif,"['mantap', 'mint']","{'mantap': 1, 'mint': 1}"
keren,positif,['keren'],{'keren': 1}
keren,positif,['keren'],{'keren': 1}
"keren,mint",positif,"['keren', 'mint']","{'keren': 1, 'mint': 1}"
"waini,mantap",positif,"['waini', 'mantap']","{'waini': 1, 'mantap': 1}"
"mantap,kali,cigre",positif,"['mantap', 'kali', 'cigre']","{'mantap': 1, 'kali': 1, 'cigre': 1}"
"alhamdulillah,mkasih,toleransi",positif,"['alhamdulillah', 'mkasih', 'toleransi']","{'alhamdulillah': 1, 'mkasih': 1, 'toleransi': 1}"
info,positif,['info'],{'info': 1}
"keren,cici",positif,"['keren', 'cici']","{'keren': 1, 'cici': 1}"
mantap,positif,['mantap'],{'mantap': 1}
"terima,kasih,semangattt",positif,"['terima', 'kasih', 'semangattt']","{'terima': 1, 'kasih': 1, 'semangattt': 1}"
"mint,mantap",positif,"['mint', 'mantap']","{'mint': 1, 'mantap': 1}"
