Filter By Length,Label
"baiknyaramadan,jika,kita,saling,bagi,untuk,baik,sama,sama,saling,lomba,baik,erat,silaturahmi,jaga,rukun,antar,sama,baik,keluarga,maupun,orang,sekitar,pastilebihbaik,jadi,diri,baik,dari,hari,kemarin",netral
cepet,negatif
"risau,kendala,paket,kamu,akan,segera,maja,bantu,bisikin,resi,kamu,akun,baru,kami,privasi,jaga,trims",netral
"thomas,risau,kendala,paket,kamu,akan,segera,maja,bantu,move,akun,baru,kami,privasi,jaga,trims",netral
"kocak,udah,bener,jogja,tinggal,kirim,deket,malah,roket,keluar,lagi,gilaa",negatif
"dear,definisi,baiknyaramadan,versi,adalah,ketika,ibadah,makin,taat,iman,makin,tingkat,laku,halhal,yang,penuh,manfaat,selalu,tabur,baik,kepada,masyarakat,supaya,bahagia,dunia,akhirat,pastilebihbaik",netral
"mana,janji,usut,tapi,pasti",negatif
"paket,mana,masa,kalah,cepet,sampenya,sama,barang,beli,dari,luar,negeri",negatif
"agus,risau,kendala,paket,kamu,akan,segera,maja,bantu,move,akun,baru,kami,privasi,jaga,trims",netral
"agus,risau,kendala,paket,kamu,akan,segera,maja,bantu,bisikin,resi,kamu,akun,baru,kami,privasi,jaga,trims",netral
"dear,admin,anteraja",netral
"next,kenapa,malah,lelet",negatif
"baik,ramadan,pastibagihadiah,baiknyaramadan",netral
pastilebihbaik,netral
"definisi,baiknyaramadan,versi,wota,adalah,ketika,tahan,diri,untuk,tidak,ikut,dari,segala,tubir,twitter,ketika,twit,tubir,lewat,timeline,baik,lanjut,scroll,agar,tidak,pancing,sehingga,bisa,kurang,pahala,puasa,yang,sedang,kerja,pastibagihadiah",netral
"kapan,paket,anter,tinggal,bawa,kurir,lama,kmrn,padahal,barang",negatif
"lelet,kurir,rekomendasi,besok,buang,dari,list,kurir,rekomendasi,tokped,tiap,dapet,rekomendasi,kurir,anteraja,mesti,masalah,dari,hari,rabu,status,tuju,terus,opoo",negatif
"risau,kendala,paket,kamu,akan,segera,maja,bantu,bisikin,resi,kamu,akun,baru,kami,privasi,jaga,trims",netral
"gaberessss,ekspedisi,satu",negatif
"baik,ramadan,ikut,juga,pastibagihadiah,baiknyaramadan",netral
,negatif
"rantam,kita,jdekhdjdj,besok,pisah,pake,apaaaaa,huhuhu,miiiin,cepat,dulu,pengirimannyaaa",negatif
"gimana,kurir,salah,kirim,masak,jauh,banget,kirim,dari,nomor,nomor",negatif
"anteraja,kenapa,lelet,kali,nang",negatif
"sudah,saya,akun",negatif
"hepizen,maaf,bikin,kakak,nyaman,mulai,untuk,layan,alih,untuk,kakak,bisa,akun,anterajacare,agar,bisa,langsung,kami,tindaklanjuti,kendala,happy,fasting,baiknyaramadan,mdas",netral
"hepizen,maaf,bikin,kakak,nyaman,mulai,untuk,layan,alih,untuk,kakak,bisa,akun,anterajacare,agar,bisa,langsung,kami,tindaklanjuti,kendala,happy,fasting,baiknyaramadan,mdas",netral
"tolong,fitur,sameday,hapus,pake,sameday,prnh,tepat,waktu,kurir,suka,bikin,update,palsu,untuk,mendelay,pickup,paket",negatif
"sudah,saya",negatif
"giveaway,mulu,paket,ndak,diurusin,udah,dari,dulu,alas,belum,siap,toko,tutup,nomor,tidak,aktif,asli,basi,banget,sameday,nyampe,kapan",negatif
"gabisa,gabisa",negatif
"maaf,bikin,kakak,nyaman,mulai,untuk,layan,alih,untuk,kakak,bisa,akun,anterajacare,agar,bisa,langsung,kami,tindaklanjuti,kendala,happy,fasting,baiknyaramadan,mdas",netral
"maaf,bikin,kakak,nyaman,mulai,untuk,layan,alih,untuk,kakak,bisa,akun,anterajacare,agar,bisa,langsung,kami,tindaklanjuti,kendala,happy,fasting,baiknyaramadan,mdas",netral
"paket,mana,woiudah,hari,jakut,mulukasih,kenapa,telat,kasih,jawab,yang,jelas,bukan,solusi,investigasi,blamuak,banget,sumpah,guna",negatif
"halo,paket,saya,resi,masih,nyangkut,mana,terang,delivery,tunda,karena,masalah,operasional,padahal,same",negatif
"definisi,baiknyaramadan,versi,adalah,ketika,tingkat,dalam,ibadah,buat,baik,kepada,sama,baik,cara,kualitas,maupun,kuantitas,pastilebihbaik",netral
"halo,paket,saya,resi,masih,nyangkut,mana,terang,delivery,tunda,karena,masalah,operasional,padahal,same,makan,kalo,basi",negatif
sabarrr,netral
"halo,paket,saya,resi,masih,nyangkut,mana,terang,delivery,tunda,karena,masalah,operasional,padahal,same",negatif
"risau,kendala,paket,kamu,akan,segera,maja,bantu,bisikin,resi,kamu,akun,baru,kami,privasi,jaga,trims",netral
"definisi,baiknyaramadan,versi,adalah,ketika,banyak,orang,yang,rela,tidur,buat,bangunin,orang,lain,sahur,keliling,komplek,bener,bener,bulan,ramadan,indah,pastilebihbaik",netral
"hepizen,risau,kendala,paket,kamu,akan,segera,maja,bantu,move,akun,baru,kami,privasi,jaga,trims",netral
"baiknyaramadan,banyak,ibadah,untuk,dapat,pahala,yang,lebih,limpah,harap,ridha,dari,allah,dapat,berkah,yang,lebih,manfaat,untuk,hidup",netral
"ngapa,sampe,nyasar,jakut,tolol,idiot",negatif
"coba,sambungin,kalimat,gambar,jangan,lupa,pakein,hashtag,baiknyaramadan,hadiah,spesial,dari,anteraja,buat,reply,yang,paling,tarik,tunggu,yaaa,karena,pastilebihbaik",netral
"sama,banget,kayak,paket,guedijakut,hari,punya,bensin,atau,anter,atau,hilang,dicancel,kasi,jualanpadahal,ulah,antar",negatif
"hallo,kamu,waktu,pickup,harus,tapi,sampai,belum,pickup,saya,coba,chat,tidak,respon,anteraja,masih,atau,hanya,nama",negatif
"jawab,jawab,tanya,kerja,bener,jawab,mulu,kalo,komplain",negatif
"definisi,baiknyaramadan,versi,adalah,ketika,semua,orang,beli,takjil,bukan,untuk,makan,sendiri,tapi,untuk,antar,mesjid,buat,orangorang,buka,puasa,sama",netral
"baiknyaramadan,ketika,semua,orang,lomba,lomba,laku,baik,krna,mereka,sadar,bulan,penuh,berkah,pahala,lipat,ganda,contoh,bnyak,bagi,takjil,baik,acara,masjid,maupun,jalan,raya,baik,orang,muda,lomba,dapat,berkah",netral
"ketika,banyak,bagi,untuk,buka,puasa,bulan,ramadhan,lihat,senyum,orang,hati,rasa,senang,saat,lihat,mereka,senyum,sampe,tetes,mata,lalu,ucap,terimakasih,baiknyaramadan,pastilebihbaik",netral
"hepizen,maaf,bikin,kakak,nyaman,mulai,untuk,layan,alih,untuk,kakak,bisa,akun,anterajacare,agar,bisa,langsung,kami,tindaklanjuti,kendala,happy,fasting,baiknyaramadan,mdas",netral
,negatif
"yudi,risau,kendala,paket,kamu,akan,segera,maja,bantu,move,akun,baru,kami,privasi,jaga,trims",netral
"hepizen,risau,kendala,paket,kamu,akan,segera,maja,bantu,move,akun,baru,kami,privasi,jaga,trims",netral
"halo,paket,saya,sampe,sekarang,belum,pickup,gimana,solusi,kasi,customer,saya",negatif
"esok,kapan,dari,kaga,gerak,gerak,molor,kurir,padahal,akhir,masa,kudu,jemput,kantor,lagi,lagi,pake,anteraja",negatif
"jadi,siapa,yang,menang",netral
"arti,paket,saya,paling,lambat,besok,sudah,harus,tiba,airport,tuju,langsung,kirim,estimasi,tiba,paling,lambat,hari,minggu,soal,sedang,mimin,hari,minggu,libur,sampe,besok,siang,sore,status,atau,barang,belum,terima,arti,jadi,masalah,lagi",negatif
"lama,banget,ngirimnya,bang",negatif
"hepizen,risau,kendala,paket,kamu,akan,segera,maja,bantu,move,akun,baru,kami,privasi,jaga,trims",netral
"cakra,risau,pada,hari,minggu,proses,kirim,layan,apabila,kendala,move,akun,baru,kami,privasi,jaga,trims",netral
"acha,risau,kendala,paket,kamu,akan,segera,maja,bantu,move,akun,baru,kami,privasi,jaga,trims",netral
"kalian,paling,buruk,antara,semua,ekspedisi,barang,saya,udah,hari,pick,juga,maksud,hari,bohongin,saya,kata,tunggu,nanti,juga,datang,bilang,hari,terus,mana,tanggung,jawab,sampe,hari,hari,juga,datang",negatif
"hari,minggu,antar,paket",netral
"jadi,lagi,tolong,paket,saya,segera,kirim,ngapain,nangkring,jakut",negatif
gemash,negatif
"dulu,suka,pake,anteraja,kirim,cepet,skrng,sangat,kecewa,sampe,pagi,status,masih,begini,ekspedisi,lain,kirim,hari,sama,sampe,dari,lama",negatif
"chat,laku,investigasi,tapi,tetap,lama,banget,investigasi,sampe,pagi,posisi,masih,stuck,jakut,sangat,kecewa",negatif
"bagas,risau,kendala,paket,kamu,akan,segera,maja,bantu,bisikin,resi,kamu,akun,baru,kami,privasi,jaga,trims",netral
"hepizen,risau,kendala,paket,kamu,akan,segera,maja,bantu,move,akun,baru,kami,privasi,jaga,trims",netral
"hepizen,risau,kendala,paket,kamu,akan,segera,maja,bantu,move,akun,baru,kami,privasi,jaga,trims",netral
"suci,risau,kendala,paket,kamu,akan,segera,maja,bantu,bisikin,resi,kamu,akun,baru,kami,privasi,jaga,trims",netral
"risau,kendala,paket,kamu,akan,segera,maja,bantu,bisikin,resi,kamu,akun,baru,kami,privasi,jaga,trims",netral
"risau,kendala,paket,kamu,akan,segera,maja,bantu,bisikin,resi,kamu,akun,baru,kami,privasi,jaga,trims",netral
"hepizen,risau,kendala,paket,kamu,akan,segera,maja,bantu,move,akun,baru,kami,privasi,jaga,trims",netral
"sudah,dari,malan,balas",negatif
"reza,risau,kendala,paket,kamu,akan,segera,maja,bantu,bisikin,resi,kamu,akun,baru,kami,privasi,jaga,trims",netral
"risau,kendala,paket,kamu,akan,segera,maja,bantu,bisikin,resi,kamu,akun,baru,kami,privasi,jaga,trims",netral
"rahma,risau,kendala,paket,kamu,akan,segera,maja,bantu,bisikin,resi,kamu,akun,baru,kami,privasi,jaga,trims",netral
"risau,kendala,paket,kamu,akan,segera,maja,bantu,bisikin,resi,kamu,akun,baru,kami,privasi,jaga,trims",netral
"lulu,risau,kendala,paket,kamu,akan,segera,maja,bantu,bisikin,resi,kamu,akun,baru,kami,privasi,jaga,trims",netral
"risau,kendala,paket,kamu,akan,segera,maja,bantu,bisikin,resi,kamu,akun,baru,kami,privasi,jaga,trims",netral
"hepizen,risau,kendala,paket,kamu,akan,segera,maja,bantu,move,akun,baru,kami,privasi,jaga,trims",netral
"celine,risau,kendala,paket,kamu,akan,segera,maja,bantu,bisikin,resi,kamu,akun,baru,kami,privasi,jaga,trims",netral
"jeje,risau,kendala,paket,kamu,akan,segera,maja,bantu,move,akun,baru,kami,privasi,jaga,trims",netral
"laras,risau,kendala,paket,kamu,akan,segera,maja,bantu,move,akun,baru,kami,privasi,jaga,trims",netral
"entaraja,cepet,pick,paket,resi,puasa,bikin,gondok,hari,pick,lelet",negatif
sudah,netral
"beli,barang,maret,ekspedisi,pake,sampe,sekarang,nyampe,ngajuin,refund,ngirim,bukti,invoice,maret,kata,proses,paling,lama,hari,tunggu,gataunya,maret,zonkkk,ampasssssss",negatif
"paket,kemanain,muter,doang",negatif
"sortir,gudang,sunternya,manual,sampe,ngestuck,minggu",negatif
"jess,cerita,order,bday,tshirt,tanggal,tanggal,paket,datang,buka,motor,untung,bisa,komplain,merc,duit,dibalikin,bisa,order,ulang,shirt,salah,tapi,yang,penting,masalah,selesai",negatif
"belanja,online,kirim,pake,dari,belum,sampe,padahal,tangerang,selatan,doang,meanwhile,paket,crossborder,kirim,hari,sama,udah,sampe,lucu,kamu",negatif
"baik,ramadan,pastibagihadiah,baiknyaramadan",netral
"kenapa,anteraja,tidak,kirim,barang,langsung,rumah,konsumen",netral
"harus,nunggu,sampai,lebarankh",negatif
"belumdan,udah,dibatalin,platform,commercenya",negatif
"gimana,paket,customer,saya,hilang,cecer,saya,juga,yang,rugi,sini,udah,barang,ilang,cust,uang,kembali,saya,ngga,dapet,uang,pula,yang,paling,rugi,jelas,saya",negatif
"baik,ramadan,ikut,sobat,pastibagihadiah,baiknyaramadan",netral
"baik,ramadan,ikut,pastibagihadiah,baiknyaramadan",netral
"wkwk,bangsatria",netral
"halo,gimana,casenya,pilih,kirim,sameday,nyata,samedaynya,anteraja,fikir,grabgojek,bisa,paket,belum,terima,udah,selesai,ckckckc,janganpilihanteraja,boikotanteraja",negatif
"makasih,makin,cinta,dehh",positif
,netral
"bang,satria,pacar,akuu",netral
,netral
"adel,donk",netral
subhanallah,netral
,negatif
"cakep,banget,masyaallah",negatif
"mana,sempet,nyasar,bogor,hari,tinggal,anter,malah,masalah,operasional,ngerti,lagi",negatif
"bojo,kulo",netral
"kirim,pake,frozen",positif
"saya,kirim,resi,tolong,update,status",netral
"hallo,order,saya,refund,tanpa,konfirmasi,lagi,sama,udah,banyak,refund,tanpa,terang,saya,udah,komplain,tunggu,infestigasi,padahal,status,udah,terima,seller,kembali",negatif
"aduh,makasih",positif
,netral
"paket,bawa,rumah,dulu,sama,kurir,kali,sore,sampe,sekarang,paket,sampe",negatif
,netral
"masalah,masih,pake,ekspedisi,udah,jual,pake,ekspedisi,jual,bilang,otomatis,shopee,ngatur,males,lanja,shopee,kalo,ketemu,ekspedisi,lelet",negatif
"ngga,benah,juga,ekspedisi,heran,cape,capek,sekali,kali,kecewa,sama,layan,anter,jktdepok,bisa,minggu,lebih,nyampenya,tangerangjaktim,hampir,minggu,nyasar,pula,lelet,ngawur,moga,barang,rusakhilang",negatif
"fureya,minn",netral
"mantap,saya,suka,saya,suka",positif
"yang,nganterin,bday,tshirtnya,flora,cantik,yaaa",positif
"masih,pick,paket,paket,blum,dipick,pick,harus,counter",netral
ajak,netral
"haloooo,dengan,kecewa,sekali,padahal,paket,pesan,dengan,waktu,sama,dengan,ekspedisi,beda,udah,sampai,jadi,sekali,kali,please,tolong,baik,dengan,jakarta,timur",negatif
"engga,dong",netral
"thank,mimin",positif
"kirain,dari,kami,anteraja,indah",netral
cimtaku,netral
"paket,sampe,hari,lohh,padahal,pake,layan,nexday",negatif
"halah,tadi,ngetagnya,chika,jugaa,coba,upload,poto,bebebnya,nambah",netral
,netral
,netral
"emng,peduli,bebebku",netral
"pake,harap,flora,tapi,dapet,foto,dari,post,cakep,banget",netral
"kilas,kira,nadila,wkwkwk",netral
,negatif
"akhhhhhh,floraaaaa",netral
,netral
makas,positif
"kapan,photopack",netral
"anter,sungut,lele,kapan,mint",netral
"lama,banget,layan,udah,pick,dari,request,sekarang,didiemin,doang,airport,kota,asal,lelet,kerja",negatif
"ayang,flora,cakep,betulll",netral
,netral
"reply,with,give,katakata,semangat,puasa,sebentar,lagi,buka",netral
paket,negatif
"oshi,mint",negatif
"cantik,banget",netral
"christy,mana,bang",netral
thanks,netral
"ngepost,cewe",netral
"alhamdulillah,terimakasih",netral
"kenapa,beberapa,kali,begini,dengan,kendala,sama,helooo,adapa,yaaa,baru,post,kecewa,asli",negatif
"coba,tanya,seller,yang,sukabumi,paket,udah,tangan,kurir",netral
"menu,buka,puasa,hari",netral
"kyaaaaa,furora,chwaaannn,arigatouuu,anterusan",netral
"neng,mplor",netral
"bgmna,terang,lanjut,hari",netral
"makasih,admin",netral
,netral
peghh,netral
cubit,netral
"lucuuuu,nyaa",netral
"paket,dengan,resi,stuck,jakarta,utara,udah,hari,masa,dari,jakarta,timur,depok,bisa,sampe,hari,lebih,pake,reguler",negatif
"dong,kalo,satria,auto,nungguin,depan,pintu",netral
,netral
"hastag,ademin",netral
"buset,buset",netral
cantik,netral
"sering,upload,flora,soal,jarang",netral
waini,netral
"tapi,kemarin,bukan,mbak,kirim,paket",netral
adududuu,netral
"free,shotnya,kapan",netral
,netral
,netral
"baik,ramadan,pastibagihadiah,baiknyaramadan",netral
,netral
,netral
,netral
,netral
,netral
waini,netral
"baik,ramadan,pastibagihadiah,baiknyaramadan",netral
"halo,tlong,resi,kebumen,jkrt,emank,lewat,bantul",negatif
"makasih,makasih,makasih,miaw",positif
,netral
,negatif
,netral
"aman,tenang,oshi,saya,ituu,wkwkw",netral
,netral
,netral
,netral
,netral
,netral
"free,wallpaper",netral
"udah,kirim",netral
,netral
"postingan,akhir,instagram,kita,siapa,oshimu",netral
"notif,paket,akan,direturnini,bukan,paket,antar",netral
"banget,plis",negatif
"ekspedisi,kalau,order,sameday,biasa,jadi,entah,kapan",negatif
"hallo,tlng,baca",negatif
"kirim,pake,next,kenapa,udah,hari,sampe,kompensasi,ngga,bayar,nextday,dapetnya,reguler",negatif
"paket,hari,gerak,lagi,puasa,pusat,sortir,please,kalo,lupa,klik,ganti,anter,kalo,belanja",negatif
"tidak,tanggap,proses,refund,ongkos,kirim,saya,padahal,sudah,salah,twrm,service,sendiri,yang,sampai,pada,tuju,maximum,tapi,sampai,esok,hari,bagaimana,proses,refund,ongkir,saya,kalian,wanprestasi",negatif
"sudah,saya",positif
"silah,ngirim,paket",netral
"congrats,semua",netral
"terimakasih,mimin,baik",positif
"yeayyy,thankyouu",positif
"giveaway,closed,menang,akan,dapat,ewallet,masingmasing,ribu,mohon,tunggu,dari,gesss",netral
"baik,ramadan,pastibagihadiah,baiknyaramadan",netral
"baik,ramadan,pastibagihadiah,baiknyaramadan",netral
"kenapa,tweet,tidak,masuk,notif",netral
"paket,sudah,sampai,lokasi,sortir,diri,dari,maret,tapi,belum,update,sampai,hari,lanjut,gimana",negatif
"saya,juga,baru,saja,alami,kaksama,sekali,gaktau,kalo,ekspedisi,masalah,terus,akhir,barang,sampai,kakak",negatif
"mending,urusin,paket,muter,jaktim,jelas,sumpahhampir,minggu,muter,kayak,jalan,atau,punya,bensin",negatif
"parah,memang,anteraja,kurang,amanah,tidak,profesional",negatif
"kalian,emang,bisa,kasih,jelas,status",negatif
"sumpah,jelas,banget,kirim,dari,tangerang,jakarta,selatan,jelas,muter,guna,solusi,cuma,suruh,nunggu,puasa,bikin,kesel",negatif
"coba,resi,dari,kmren,muter,paket,gudang,hadehhh",negatif
"baik,ramadan,pastibagihadiah,baiknyaramadan,ikut",negatif
"mampus,diomelin,pacar,galak",negatif
"lama,nyampe,paket,tutup,mending",negatif
"mending,rebranding,jadi,anter,mana,jadi,suka,suka,kurir,nganter,mana,paket,nyasar,rumah,gatau,rumah,siapa,gimana",negatif
"halo,tolong,bantu,untuk,proses,antar,hari,paket,saya,resi,status,gagal,kirim,kemarin,sampe,sekarang,kirim,lagi,tolong,antar,hari,karena,paket,untuk,kado,orgnya,pulang,nanti,malem,terima,kasih",negatif
"kalian,masih,niat,nganter,paket,langgan,nggak,gila,sama,jakarta,minggu,kaga,kirim,amatir,jadi,jasa,kirim,mending,tutup,jasa,kirim",negatif
"dari,pertama,kali,nyobain,pake,ekspedisi,nyata,parah,inibarang,dipick,kurir,beli,maret,tapi,sampe,maret,status,berubahini,barang,saya,dipick,updibawa,mana,yakomplain,csbelom,dapet,solusi",negatif
,netral
"dari,sampe,skrg,belum,sampe,bandungjkt,udah,delivery,tunda,operasional,kalo,banyak,masalah,tutup,woiii,bener,ngaco,ekspedisi",negatif
"saya,diremehin,paket,saya,pick,lama,hari,beli,sampe,muak,marah,sama,saya,niat,kerja,saya,udah,lagi,pake,jasa,kalau,begini,ekspedisi,lain,langsung,pick,hari,juga,layan,juga,buruk,sekali",negatif
"baaguss,donh,respect,with",positif
"ckckckck,kenapa,komennya,batas,ditelfon,solusi,whatsapp,jawab,yang,kata,team,resolusi,pecatpecatin,orang,kalo,dapetdapet,solusi,udah,bulan,dokumen,usaha,entah,mana,gajelas",negatif
"ekspedisi,hilang,paket,jangan,pake,ekspedisi,lagi,juga,dokumen,perushaaan,entah,mana,jelas,bulan",negatif
"ekspedisi,hilang,dokumen,ckckckck,gaada,tanggungjawabnya,juga",negatif
"hepizen,maaf,bikin,kakak,nyaman,mulai,untuk,layan,alih,untuk,kakak,bisa,akun,anterajacare,agar,bisa,langsung,kami,tindaklanjuti,kendala,happy,fasting,baiknyaramadan,mdas",netral
"kira,iklan,lagi,hahahah",netral
"makanya,pake,hahaha",positif
,negatif
"paket,saya,pick,dari,tanggal",negatif
"tinggal,jatinegara,kordinat,gambar,bukti,terima,matramaaaan",negatif
"fuck,your,customer,service,kagak,bales,whatsapp,juga,ngga,respon,nomor,telepon,ngga,aktiffff,tutup,usaha",negatif
"hananto,maaf,bikin,kakak,nyaman,mulai,untuk,layan,alih,untuk,kakak,bisa,akun,anterajacare,agar,bisa,langsung,kami,tindaklanjuti,kendala,happy,fasting,baiknyaramadan,mdas",netral
"dessy,maaf,bikin,kakak,nyaman,mulai,untuk,layan,alih,untuk,kakak,bisa,akun,anterajacare,agar,bisa,langsung,kami,tindaklanjuti,kendala,happy,fasting,baiknyaramadan,mdas",netral
"hepizen,maaf,bikin,kakak,nyaman,mulai,untuk,layan,alih,untuk,kakak,bisa,akun,anterajacare,agar,bisa,langsung,kami,tindaklanjuti,kendala,happy,fasting,baiknyaramadan,mdas",netral
"hepizen,maaf,bikin,kakak,nyaman,mulai,untuk,layan,alih,untuk,kakak,bisa,akun,anterajacare,agar,bisa,langsung,kami,tindaklanjuti,kendala,happy,fasting,baiknyaramadan,mdas",netral
"hepizen,maaf,bikin,kakak,nyaman,mulai,untuk,layan,alih,untuk,kakak,bisa,akun,anterajacare,agar,bisa,langsung,kami,tindaklanjuti,kendala,happy,fasting,baiknyaramadan,mdas",netral
"chat,anjir",negatif
"hepizen,maaf,bikin,kakak,nyaman,mulai,untuk,layan,alih,untuk,kakak,bisa,akun,anterajacare,agar,bisa,langsung,kami,tindaklanjuti,kendala,happy,fasting,baiknyaramadan,mdas",netral
"natha,maaf,bikin,kakak,nyaman,mulai,untuk,layan,alih,untuk,kakak,bisa,akun,anterajacare,agar,bisa,langsung,kami,tindaklanjuti,kendala,happy,fasting,baiknyaramadan,mdas",netral
"irfan,maaf,bikin,kakak,nyaman,mulai,untuk,layan,alih,untuk,kakak,bisa,akun,anterajacare,agar,bisa,langsung,kami,tindaklanjuti,kendala,happy,fasting,baiknyaramadan,mdas",netral
"hepizen,maaf,bikin,kakak,nyaman,mulai,untuk,layan,alih,untuk,kakak,bisa,akun,anterajacare,agar,bisa,langsung,kami,tindaklanjuti,kendala,happy,fasting,baiknyaramadan,mdas",netral
"hepizen,maaf,bikin,kakak,nyaman,mulai,untuk,layan,alih,untuk,kakak,bisa,akun,anterajacare,agar,bisa,langsung,kami,tindaklanjuti,kendala,happy,fasting,baiknyaramadan,mdas",netral
"hepizen,maaf,bikin,kakak,nyaman,mulai,untuk,layan,alih,untuk,kakak,bisa,akun,anterajacare,agar,bisa,langsung,kami,tindaklanjuti,kendala,happy,fasting,baiknyaramadan,mdas",netral
"dari,rabu,pagi,sekali,sampai,hari,sudah,hari,akhir,pondok,bambu,tidakbelum,antar,juga,kenapa,tidak,bisa,amanahprofesional,saya,sudah,sering,sekali,alami,buruk,anteraja,barang,hilang,tukar,salah,alamat",negatif
"tegur,dong,turut,seller,tempat,saya,beli,barang,anteraja,sudah,sering,mangkir,kalau,sameday,orang,pilih,sameday,karena,ingin,pasti,sampai",negatif
"ceritain,keluh,kamu,mohon,informasi,juga,nomor,ticket,kamu,guna,cepat,penangangan,terima,kasih",netral
"live,chat,siap,bantu,keluh,transaksi,kamu,buka,dana,pilih,historyriwayat,pilih,transaksi,dilaporin,pilih,chat",netral
"semua,bisa,hubung,baik,pihak,jual,atau,pihak,selaku,ekspedisi",negatif
"coba,respon,barang,belum,pickup,tera,kendala,internal",negatif
"baik,ramadan,pastibagihadiah,baiknyaramadan",netral
"udah,anteraja,terus,bantu,alhamdulillah,udah,sampe,kakk",positif
"halo,pickup,paket,udah,lewat,estimasi",negatif
"tuhhh,gimana,dari,kemarin,tunda,mulu,karena,masalah,operasional",negatif
"tolong,bantu,paket,dengan,resi,saya,butuh,buat,siang,paket,tangerang,malah,kirim,bogor,terus,tangerang,lagi",negatif
"sibuk,smua,ngelayangin,smua,komplain,paket,kaga,sampe,sampe,bangsat",negatif
"barang,terima,udah,ngibul,terima,barang,mana,foto,seclose,mungkin,lantai,rumah,bukan,lantai,rumha,atau,tetangga,barang,mana,nyet",negatif
"karyawan,didik,dong,kalo,ngga,sanggup,menuhin,layan,jangan,ngibul,biar,kesan,menuhin,target",negatif
"gimana,anjr,minggu,paket,sampe,sampe,gajelas,banget",negatif
"paket,slalu,didiemin,gudang,lama,anjing,kesel,ampe,hari,lebih,pdhl,ekspedisi,lain",negatif
"hallo,kenapa,pesan,belum,udah,sampai,jakarta,timur,tapi,kenapa,balik,semarang",negatif
"tolong,dong,paket,saya,kapan,dipick,harus,dari,kemarin",negatif
"barang,ilang,hari,barang,mandek,kaga,lagi",negatif
,netral
"tulis,paketnga,udah,sampe,mana",netral
"hepizen,maaf,bikin,kakak,nyaman,mulai,untuk,layan,alih,untuk,kakak,bisa,akun,anterajacare,agar,bisa,langsung,kami,tindaklanjuti,kendala,happy,fasting,baiknyaramadan,mdas",netral
"alisa,maaf,bikin,kakak,nyaman,mulai,untuk,layan,alih,untuk,kakak,bisa,akun,anterajacare,agar,bisa,langsung,kami,tindaklanjuti,kendala,happy,fasting,baiknyaramadan,mdas",netral
"hepizen,maaf,bikin,kakak,nyaman,mulai,untuk,layan,alih,untuk,kakak,bisa,akun,anterajacare,agar,bisa,langsung,kami,tindaklanjuti,kendala,happy,fasting,baiknyaramadan,mdas",netral
cell,netral
,netral
"masih,sampe,hingga,saat",negatif
"rute,kirim,selalu,luar,nalar",negatif
"estimasi,sampe,besok,stuck,ampun,anteraja",negatif
"maeng,puasa,paskahbukan,puasa,ramadan",netral
"yang,semangat,puasa,biar,nyampai,buka,sore,maaf",netral
timdibanguninemak,netral
"resi,lambat,beberapa,kali,stuck,gerak,posisi,tlong",negatif
"kindly,check,your",negatif
"baik,ramadan,ikut,pastibagihadiah,baiknyaramadan",netral
"siapa,yang,juga,ngaku,baiknyaramadan",netral
"stuck,sampe,sekarang,padahal,estimasi,sampe,hari",negatif
"baik,ramadan,pake,pasti,lebih,baik",positif
"baik,ramadan,ikut,pastibagihadiah,baiknyaramadan",netral
"refund,nder,soal,juga,untung,paking,berapa,nder,bagai,admin,paling,cuma,apalagi,barang,udah,beliin,bener,bener,rugi,refund,dapet,duit,engga,rugi,malah,gimana,selesai,bener,dong",negatif
"nemu,search,paket,kakak,kabar,soal,paket,kayak",negatif
"nemu,search,paket,kakak,kabar,soal,paket,kayak",negatif
"nemu,search,paket,kakak,kabar,soal,paket,kayak",negatif
"template,basa,basi,busuk",negatif
"bobrok,asli,mending,tutup,gajelas,bgtpaket,ngestuck,situ,ajatlp,call,center,gabisadi,bales,botemail,dibalesini,karyawan,kurir,kerja,situtup,mendingkalo,ganiat,fakyu",negatif
"tanggap,gimana,nihgagal,kita,stadion,sambil,bawa,anteraja",negatif
,netral
"aplikasi,kamu,error",negatif
"ngga,ngga,sama,sama,babi,semua",negatif
"jadi,lagi,firasat,salah,pake,ekspedisi,pilih,product,malah,molor,kapokkapok",negatif
"esemgeteeeeee,kalian",negatif
"baik,ramadan,pastibagihadiah,baiknyaramadan",netral
"baik,ramadan,pastibagihadiah,baiknyaramadan",netral
"usah,heran,dengan,brand,yang",negatif
"baik,ramadan,pastibagihadiah,baiknyaramadan",netral
"baik,ramadan,pastibagihadiah,baiknyaramadan",netral
"kalo,sampe,keteter,harus,demand,naik,dong,yakali,demand,naik,eskalasi,nambah,karyawan,coba,jawab",negatif
"innovative,juga,perlu,tiru,kurir,lain,jual,beli,kota,yang,sama,tapi,kirim,jakarta,untuk,kirim,balik,kota,awal,mantap,moga,sukses,selaluuuu",negatif
"baik,ramadan,pastibagihadiah,baiknyaramadan",netral
best,netral
"baik,ramadan,pastibagihadiah,baiknyaramadan",netral
"gimana,biasa,pickup,barang",negatif
"jawab,baik,ramadan,pastibagihadiah,baiknyaramadan",netral
"check,minn",negatif
"baik,ramadan,pastibagihadiah,baiknyaramadan",netral
freyaaa,netral
"tolong,respon",negatif
"tolong,tangan,datengnya,next,percuma,dong,same",negatif
"halo,udah,muncul,resi,tinggal,nunggu,pick,tapi,pick,sampe,sekarangg",negatif
"baik,ramadan,pastibagihadiah,baiknyaramadan",netral
"baik,ramadan,pastibagihadiah,baiknyaramadan",netral
"jawab,baik,ramadhan,pastibagihadiah,baiknyaramadhan",netral
,netral
iyah,netral
"segel,ninjutsu,kuchiyose,cepio",netral
"blangsak,emang,bang",negatif
"bener,bener,paket,nyampe,udah,buka,label,robek,begini",negatif
"baik,ramadhan,pastibagihadiah,baiknyaramadan",netral
semangat,netral
"baik,ramadan,pastibagihadiah,baiknyaramadan",netral
"bikenya,ramadan,baik,ramadan,pastibagihadiah,baiknyaramadan",netral
"baik,ramadan,pastibagihadiah,baiknyaramadan",netral
"hanya,dari,orang,yang,ngerti,langsung,tiktoknya,anteraja,jamin,bakal,ngikngik,nontonin,drama,komplek,rempong,lihat,mari",netral
iyaa,netral
"baik,ramadhan,pastibagihadiah,baiknyaramadan",netral
"bagaimana,paket,salah,alamat,lagi,yang,kirim,tolong,baca,kurir,kalau,bisa,paham,alamat,jangan,jadi,kurir,paket",negatif
"baik,ramadhan,pastibagihadiah,baiknyaramadan",netral
"baru,kali,super,masalah,sama,ekspedisi,ekspedisi,bener,tanggung,jawab,alias,kabur,telah,hilang,barang,semua,akses,juga,buah,hasil,claim,juga,progress,enak,report,mana",negatif
"paket,gerak",negatif
"jawab,bikenya,ramadan,alias,baik,ramadan,ikut,pastibagihadiah,baiknyaramadan",netral
"baik,ramadan,pastibagihadiah,baiknyaramadan",netral
"siapp,ashell",netral
"baik,ramadan,pastibagihadiah,baiknyaramadan,ikut",netral
,netral
"arti,ajarin,gera,tangan,dong",netral
"woooiiiii,paket,guee,minggu,nyampe,pdhal,sama,jabar,nyampe,kota,tuju,dari,hari,lalu",negatif
"baik,ramadan,pastibagihadiah,baiknyaramadan,guys,ikut",netral
"kulkas,kost,kulkas,kantor",netral
"shappp,sayang",netral
"baik,ramadan,pastibagihadiah,baiknyaramadan,ikut,kuis,dari,sekarang,juga,guys,moga,kita,untung,amin",netral
"baik,ramadhan,bang,ikut,bang,pastibagihadiah,baiknyaramadan",netral
"baik,ramadhan,pastibagihadiah,baiknyaramadan",netral
,netral
"pukulin,satu,satu",negatif
acelll,netral
"tolong,pickup,paket,saya,cepat,sudah,hari,rumah,ngga,ambil",negatif
,netral
"baik,ramadan,pastibagihadiah,baiknyaramadan",netral
"baik,ramadhan,pastibagihadiah,baiknyaramadan,buat",netral
"asal,kata,bikenya,ramadan,jadi,baik,ramadan,ikut,gaes,pastibagihadiah,baiknyaramadan",netral
"jawabanya,baik,ramadan,pastibagihadiah,baiknyaramadan,pada,ikut",netral
"jawab,yaitu,baik,ramadan,ikut,pastibagihadiah,baiknyaramadan",netral
"jaga,kata,liat,jalan,macet",netral
"baik,ramadan,ikut,pastibagihadiah,baiknyaramadan",netral
"baik,ramadan,pastibagihadiah,baiknyaramadan",netral
"baik,ramadanpake,pasti,lebih,baik,pastibagihadiah,baiknyaramadan",netral
"kamu,juga,semangat,puasa",netral
"baik,ramadan,pastibagihadiah,baiknyaramadan",netral
"baik,ramadan,pastibagihadiah,baiknyaramadan",netral
"terkahir,kali,pake,gila,lama,ngotak,emng,paling,kalo,paket,sampe,pake",negatif
"baik,ramadan,pake,pasti,lebih,baik,pastibagihadiah,baiknyaramadan",netral
"baik,ramadan,pastibagihadiah,baiknyaramadan",netral
"baik,ramadan,pake,baiknyaramadan,pastibagihadiah",netral
"baik,ramadhan,sabi,ikut,pastibagihadiah,baiknyaramadan",netral
"baik,ramadan,pastibagihadiah,baiknyaramadan,kita,ikut,teman,sekarang,juga",netral
"suka,kata,anjuy,kalo,lagi,jalan",netral
siap,netral
"bikebaiknya,ramadhan,guys,ikut,pastibagihadiah,baiknyaramadan,moga,untung,pihak,kepada,kita,aamiin",netral
"siap,thanks,remindernya,meski,iklan,wkwkwk",netral
"capek,nunggu,paket,datang,cara,sortir,olshop,pake,jasa,supaya,bisa,skip,males,gitu,lamaaaaa,nyampe,muter,dulu,males,urus,sama,ekspedisi,akhir,sampe,ambil,langsung,gudang",negatif
bohong,netral
"baik,ramadhan,pastibagihadiah,baiknyaramadan,buat,modal",netral
"semangat,puasa,dong",netral
"baik,ramadhan,pastibagihadiah,baiknyaramadan",netral
semangat,netral
"masya,allah,ashelyah",netral
,netral
"baik,ramadan,baiknyaramadan",netral
,netral
"bisa,jangan,bawa",netral
donng,netral
"siap,rusa,selalu,jaga,kata,semangat",positif
aceng,netral
"baik,ramadan,pastibagihadiah,baiknyaramadan",netral
,netral
"siap,baik",netral
marah,positif
"baik,ramadan,pastibagihadiah,baiknyaramadan",netral
,netral
siap,netral
,netral
wokeii,netral
"baik,ramadan,pastibagihadiah,baiknyaramadan",netral
,netral
btull,netral
"kalo,bisa,pake,kurir",negatif
sayang,netral
"baik,ramadan,pastibagihadiah,baiknyaramadan",netral
"semangat,kamu",positif
syappppp,netral
"barusan,nyetir,jalan,terus,kendara,ngeselin,auto,kata,kasar,maap,bawa,marah",negatif
"semangat,puasa,kamu",netral
cyurrrr,negatif
"siap,shel",netral
chuuuaks,netral
"hari,hari,promosi",netral
okeee,netral
"baik,ramadan,pastibagihadiah,baiknyaramadan",netral
"siap,acel",netral
siap,netral
"makin,smngt,puasa",netral
siap,netral
,netral
"puasa,saat,dekat",negatif
siap,netral
"baik,adzana",netral
,netral
"acel,kangennnnnn",netral
"tidak,yakin",negatif
disemangatin,netral
,netral
aceng,netral
"jadi,kapan",netral
,netral
,netral
"siap,acel",netral
"siap,bossss",netral
,netral
achel,netral
siapp,netral
,netral
,netral
"baiknyaramadan,kali,harus,saling,jaga,ucap,kata,baik,semangat,puasa",netral
"customer,service,sibuk,semua,twitter,direspon,kalo,kendala,harus,lapor,mana",negatif
"baik,ramadan,gaskiii,pastibagihadiah,baiknyaramadan",netral
"customer,service,sibuk,semua,twitter,direspon,kalo,kendala,harus,lapor,mana",negatif
"baik,ramadan,pastibagihadiah,baiknyaramadan,ikut",netral
"bikenya,rama,pastibagihadiah,baiknyaramadan",netral
"jawab,baik,ramadhan,pastibagihadiah,baiknyaramadan,doain,gaes,have,nice",netral
"baik,ramadan,pastibagihadiah,baiknyaramadan",netral
"baik,ramadan,pastibagihadiah,baiknyaramadan",netral
"baik,ramadan,pastibagihadiah,baiknyaramadan",netral
"jawab,baik,ramadan,pastibagihadiah,baiknyaramadan,ikut,mana,untung,moga,untung,bulan,ramadhan,maaf,saya,maksa,mint,wkwkw",netral
"baik,ramadan,pastibagihadiah,baiknyaramadhan",netral
"baik,ramadan,pastibagihadiah,baiknyaramadan",netral
"hepizen,risau,kendala,paket,kamu,akan,segera,maja,bantu,move,akun,baru,kami,privasi,jaga,trims",netral
"fina,risau,kendala,paket,kamu,akan,segera,maja,bantu,move,akun,baru,kami,privasi,jaga,trims",netral
"denny,risau,kendala,paket,kamu,akan,segera,maja,bantu,bisikin,resi,kamu,akun,baru,kami,privasi,jaga,trims",netral
"riyan,risau,kendala,paket,kamu,akan,segera,maja,bantu,bisikin,resi,kamu,akun,baru,kami,privasi,jaga,trims",netral
"baik,ramadan,ikut,pastibagihadiah,baiknyaramadan",netral
"risau,kendala,paket,kamu,akan,segera,maja,bantu,bisikin,resi,kamu,akun,baru,kami,privasi,jaga,trims",netral
"veronika,risau,kendala,paket,kamu,akan,segera,maja,bantu,bisikin,resi,kamu,akun,baru,kami,privasi,jaga,trims",netral
"juan,risau,kendala,paket,kamu,akan,segera,maja,bantu,bisikin,resi,kamu,akun,baru,kami,privasi,jaga,trims",netral
"risau,kendala,paket,kamu,akan,segera,maja,bantu,bisikin,resi,kamu,akun,baru,kami,privasi,jaga,trims",netral
"risau,kendala,paket,kamu,akan,segera,maja,bantu,bisikin,resi,kamu,akun,baru,kami,privasi,jaga,trims",netral
"hepizen,risau,kendala,paket,kamu,akan,segera,maja,bantu,move,akun,baru,kami,privasi,jaga,trims",netral
"bintang,risau,kendala,paket,kamu,akan,segera,maja,bantu,move,akun,baru,kami,privasi,jaga,trims",netral
"raih,risau,kendala,paket,kamu,akan,segera,maja,bantu,move,akun,baru,kami,privasi,jaga,trims",netral
"okvat,risau,kendala,paket,kamu,akan,segera,maja,bantu,move,akun,baru,kami,privasi,jaga,trims",netral
"awas,kalo,sampe,dipickup",negatif
"okvat,risau,kendala,paket,kamu,akan,segera,maja,bantu,bisikin,resi,kamu,akun,baru,kami,privasi,jaga,trims",netral
"risau,kendala,paket,kamu,akan,segera,maja,bantu,bisikin,resi,kamu,akun,baru,kami,privasi,jaga,trims",netral
"geri,risau,kendala,paket,kamu,akan,segera,maja,bantu,bisikin,resi,kamu,akun,baru,kami,privasi,jaga,trims",netral
"baik,ramadan,pastibagihadiah,baiknyaramadan",netral
"risau,kendala,paket,kamu,akan,segera,maja,bantu,move,akun,baru,kami,privasi,jaga,trims",netral
"nina,risau,kendala,paket,kamu,akan,segera,maja,bantu,move,akun,baru,kami,privasi,jaga,trims",netral
"baik,ramadan,pastibagihadiah,baiknyaramadan",netral
"baik,ramadan,pastibagihadiah,baiknyaramadan",netral
"baik,ramadan,pastibagihadiah,baiknyaramadan",netral
"baik,ramadan,pastibagihadiah,baiknyaramadan",netral
"baik,ramadan,baiknyaramadan,pastibagihadiah",netral
"baik,ramadan,skuyyy,ikut,pastibagihadiah,baiknyaramadan",netral
"tolong,dong,layan,baik,kemaren,dipickup,sampe,skrg,cape,complain,mulu,bisa,dipickup,skrg,kalo,enggak,cancel",negatif
"baik,ramadan,pastibagihadiah,baiknyaramadan",netral
"baik,ramadan,pastibagihadiah,baiknyaramadan",netral
"baik,ramadan,pastibagihadiah,baiknyaramadan",netral
"baik,ramadan,baiknyaramadan,pastibagihadiah",netral
"baik,ramadan,pastibagihadiah,baiknyaramadan",netral
"baik,ramadan,pastibagihadiah,baiknyaramadan",netral
"jawab,adalah,baik,ramadhan,jangan,lupa,follow,ikut,kuis,dari,pastibagihadiah,baiknyaramadhan",netral
"baik,ramadan,pastibagihadiah,baiknyaramadan",netral
"baik,ramadan,pastibagihadiah,baiknyaramadan",netral
"baik,ramadan,pastibagihadiah,baiknyaramadan",netral
"baik,ramadan,pastibagihadiah,baiknyaramadhan",netral
"baik,ramadan,pastibagihadiah,baiknyaramadan",netral
"bikenya,ramadan,gasskeunn,pastibagihadiah,baiknyaramadan",netral
"baik,ramadan,pastibagihadiah,baiknyaramadan",netral
"baik,ramadan,pastibagihadiah,baiknyaramadan",netral
"baik,ramadan,pastibagihadiah,baiknyaramadan",netral
"baik,ramadan,pastibagihadiah,baiknyaramadan",netral
"baik,ramadan,pastibagihadiah,baiknyaramadan",netral
"bikebaiknya,ramadan,pastibaguhadiah,baiknyaramadan",netral
"baik,ramadhan,pastibagihadiah,baiknyaramadan",netral
"baik,ramadan,pastibaguhadiah,baiknyaramadan",netral
"bikebaiknya,ramadan,pastibagihadiah,baiknyaramadan,ikut",netral
"baik,ramadan,pastibagihadiah,baiknyaramadan,ikut",netral
"baik,ramadan,pastibagihadiah,baiknyaramadan",netral
"syarat,jawab,dengan,reply,mention,orang,teman,biar,ikut,juga,serta,hashtag,pastibagihadiah,baiknyaramadan,tiap,jawab,moga,untung",netral
"selain,bagibagi,foto,oshi,baiknyaramadan,bagibagi,hadiah,biar,puasa,makin,semangat,jawab,tanya,dari,clue,yang,gambar,bagi,yang,untung,sempat,dapetin,headphone,gaming,atom,wireless,soul,headphone,reply,jawab",netral
setujaaaaaaa,netral
"moga,label,haram,untuk,pakai,jasa,karena,ekspedisi,hanya,jadi,biang,masalah,musibah,moga,anteraja,cepet,tutup,bangkrut",negatif
"resi,sampe,hari,belum,sampe,gudang,cirebon,mana,saya,ambil,sendiri",negatif
"kapok,akan,jadi,akhir,kali,pake,ekspedisi,anteraja",negatif
"ekspedisi,memang,musibah",negatif
"halo,jadi,lagi,resi,stuck,dari,kemarin,statusnyabisa,tolong,trimz",negatif
,netral
"maaf,bikin,kakak,nyaman,mulai,untuk,layan,alih,untuk,kakak,bisa,akun,anterajacare,agar,bisa,langsung,kami,tindaklanjuti,kendala,happy,fasting,baiknyaramadan",netral
"waktu,nonaktif,dari,tanggal,minta,pickup,sampe,jatuh,tempo,tanggal,dipickup,udah,gada,komunikasi,tbtb,minta,jadwal,ulang",negatif
"halo,tolong,banget,paket,saya,gimana,status,jelas,pasti,dari,kalian,cuma,suruh,nunggu,nunggu,nunggu,kalau,memang,hilang,bilang,sama,jangan,lupa,tanggung,jawab,juga",negatif
"kurir,ngga,datangkok,bisa,cancel,barang,saya,juga,hilang,ambil,tapi,ngga,update",negatif
"tolong,kenapa,ngga,update",negatif
,positif
"nyesel,plih,kurir,hrga,biar,senin,kirim,slasa,mangkrak,mangkrak",negatif
,netral
"strategi,yang,penting,sekali,adalah,hapus,dari,list,pilih,kurir,dapat,komplen,terus,dari,beli,kalo,pake,kurir,kapan,peduli,segera,boikot,kerjasama,dengan,mereka",negatif
"sampai,sekarang,paket,anteraja,pasti,selalu,macet,berharihari,kalo,sudah,mampir,jakarta,utara",negatif
thanks,netral
,netral
,netral
"ampun,muter,jauh",negatif
"akan,pake,jasa,ekspedisi,lagi,lambat",negatif
"pesan,belum,juga,kirim,udah,nyantol,hari,gimana",negatif
"gimana,saya,resi,juga,bisa,soal,website,minta,resi,pake,koma,sementara,saya,dapet,pake,koma",netral
"paket,status,aneh,dari,senin,kirim,alamat,sampe,hari,sampe,sedangakan,paket,lain,pada,sampe,coba",negatif
"lama,bener,paket,udah,hari,diem,diantarantar,oleh,kurir",negatif
"waktu,pepet,sengaja,pilih",netral
"kapan,photocard,yang,versi,member,lain,juga",netral
"tolong,semnagatin,puasa,dengan,beri",netral
"halo,admin,kenapa,paket,muter,muter,padahal,udah,sampai,sukoharjo,tinggal,antar,alamat,rumah,kenapa,balik,lagi,semarang,gajelas,banget",negatif
"thanks,semangat,puasa,hari",netral
"banyakin,sabar,bang,kalo,pake,ekspedisi,pernah,ngalamin,soal,minggu,lebih,barang,datengdateng,pake,ekspedisi,saran,next,kalo,barang,jangan,pilih,ekspedisi,beres",negatif
,netral
"gimana,admin",netral
"belanja,tokopedia,dari,tanggal,maret,sampe,sekarang,tanggal,maret,cuma,tulis,tunggu,kurir,pake,kurir,entaraja,bener,idiot",negatif
"sahur,sama,pict",netral
"paket,manaaaaaaa",negatif
"masih,guna,kurir,barbar,lambat,dari,jasa,kirim,lebih,baik,guna,jasa,kirim,lain,meski,jarang,promo,tetapi,kurir,tidak,barbar,preman,gesit",negatif
,netral
"proses,cashout,saldo,refundaja,rekening,lama",negatif
"demi,allah,anter,lama,pake,hari,sampe,sampe,pdhl,order,jumat,nyebeliiiiin,basi,tanggung",negatif
"dedek,kitty,bombastic,side",netral
"dapet,freeeeeeeee",negatif
kerennyaa,positif
"arti,belakang,boleh,dong,wkwk",netral
"semangat,giat",netral
"tinggal,kamu,tadi,tapi,nonton,ulang,yutub",netral
,netral
"masalah,paket,saya,stak,dari,kemaren,gerak",negatif
mantap,positif
,netral
"tolong,thank",positif
"cant,relate",negatif
"anter,kapan",netral
makasih,positif
"pake,pikir,pikir,dehh,udah,pake,sameday,kata,sampenya,selalu,besoklusa,anteraja,entaraja,maksud,ganti,nama,brandnya",negatif
oniel,positif
"tutor,jadi,satpam,dong",netral
,positif
tolong,netral
,netral
"malam,tanya,dong,barang,dengan,kode,booking,kemarin,sudah,ambil,oleh,kurir,tapi,satus,belum,ubah,karena,kemarin,barang,dengan,akun,beda,direquest,salah,satu,saja,barang,ambil,status,ubah",negatif
"paket,saya,kaga,ambil,ambil,kantor,tutup",negatif
"semangat,bener,akuh",netral
"atok,maaf,bikin,kakak,risau,mulai,layan,move,maja,tunggu,chat,kamu,moga,puasa,lancar,selalu,dapet,baiknyaramadan,trims",netral
"sandra,maaf,bikin,kakak,risau,mulai,layan,move,maja,tunggu,chat,kamu,moga,puasa,lancar,selalu,dapet,baiknyaramadan,trims",netral
"kirim,barang,pake,ekspedisi,anter,lama,tahan,bukan,anter,tapi,entar",negatif
"tidur,skrg,biar,bangun,sahur",netral
"info,cara,jadi,satpam",netral
"masya,allah",positif
"aaaa,keren,asik",positif
frey,netral
thankyou,positif
"paket,bisa,nyasar,sampe,ternate,pdhl,cuma,jktbogor,kenapa,sampe,papua,sekali,bener,tolol",negatif
"info,lowong,jadi,satpam,deket,rumah",netral
fenikuhibiniu,netral
"freya,hehe",netral
"ramadhan,lupa",netral
,netral
"kerennn,anuu,ndoro,live,kapan,hehe",netral
"info,loker,satpam,komplek,freya",netral
"wiih,alhamdulillah",positif
"beuh,bahagia,kasih,lord,preya",positif
"tunggu,naaaa",netral
"cewek,komplek,keluar,rumah,cuma,tahun,sekali,sholat,tarawih",netral
"sorum,kajes",netral
"senang,mulai,layan,move,maja,tunggu,chat,kamu,moga,puasa,lancar,selalu,dapet,baiknyaramadan,trims",netral
"bestieku,emang",positif
"makasih,ngirimin,makan",positif
"reflek,jadi,satpam",netral
"sama,jesslyns,sahur,pict,bangun,negeri",netral
juga,netral
"salah,satu,tiap,hari,cepet,sahur,daripada,buka",netral
arigatou,netral
nice,netral
"thanks,info",positif
satpam,netral
"jadi,cepet,sahur,tiap,hari",netral
juga,netral
"makasihhh,cici",positif
"freya,kapan",netral
,netral
"masyaallah,mulia,sekali,anak",positif
"kapan,bagi,kasih,dengan",netral
"info,menu",netral
nggihh,netral
"mantap,keren",positif
siap,netral
semangat,netral
satpam,netral
"berapa,ndoro",netral
"alangkah,baik,kalau,cerita,brbagi,takjil,lanjutin,showroom,ndoro",positif
"kerenn,freyana",netral
"buka,dong,kalo,tapi,kalo,north,america,bener,sahur",netral
"bagi,takjil,wota,kapan",netral
"masyaaallah,freyaa",positif
kamu,netral
"umur,hidup,baru,kali,pngen,jadi,satpam,dket,rumah",netral
"pict,mana",netral
allhamdulilah,positif
"makasih,cijess",positif
"terima,kasih,cici",positif
,netral
aseq,netral
"satpam,dapet,bonus,senyum",positif
"abis,kita,makan,bareng",netral
"ndoro,sorum,hari",netral
"buka,puasa,dulu",netral
"semangat,memamg",netral
"baik,betul",positif
"bahagia,satpam,wkwk",positif
"baiknyaramadhan,kali,ikut,semangatin,temen,temen,yang,sahur",positif
satpam,netral
kerennn,positif
"freya,showroom",netral
"waini,moga,berkah,aamiin",positif
"jadwal,kapan,mintttt",netral
uwuooggg,netral
,netral
"ngak,frey",netral
"reflek,jadi,satpam,biar,dapat,takjil",netral
"juga,freya",netral
"ingsfo,jadi,satpam,deket,rumah",netral
barakallah,positif
"apakah,satpam",netral
"nice,baiknyaramadhan",netral
wkwk,netral
"haek,gimana,kabar",netral
"selamat,buka,babe",netral
"kerennn,showroom,dong",positif
,positif
"jangan,lupa,showroom",netral
"jadi,satpam,deket,rumah,freya",netral
semangat,netral
juga,netral
dong,netral
"baik,kamu,showroom,sekarang,freya",netral
,netral
"juga,dong,frey,takjil",netral
satpam,netral
"juga,dong,takjil",netral
,netral
,netral
"hoax,ndoro",netral
,netral
dong,netral
"peace,love,gawl",positif
"jadi,satpam,deket,rumah,kamu",netral
"satpam,kasi,senyum,juga,dapet,sunnah",positif
alhamdulillah,positif
"fureya,chan",netral
"lagi,puasa,bikin,esmosi",negatif
"selamat,berbukaaa",netral
,netral
cakeppp,positif
alhamdulillah,positif
"keren,freyana,gadapet",netral
"juga,dong,kasih,takjil",netral
,netral
"juga,frey",netral
juga,netral
sipp,netral
"foto,mana,frey",netral
"semangat,kerja",netral
keren,positif
"asik,dong",netral
wkwkwkkww,netral
juga,netral
"baiknyaramadhan,kali,bagi,takjil,satpam,deket,rumah",netral
"gimana,paket,saya,kenapa,pickup,pickup,kendala",negatif
"bisa,dong,edit,pakai,photoshop,xiaomi",netral
takuttttt,negatif
"akhh,oshikuuu",netral
mint,netral
"pernah,keselek,becak,tunggu,foto,baru,mohon,jangan,balik,foto",negatif
"galang,maaf,bikin,kakak,nyaman,mulai,untuk,layan,alih,untuk,kakak,bisa,akun,anterajacare,agar,bisa,langsung,kami,tindaklanjuti,kendala,happy,fasting,baiknyaramadan,mdas",netral
yeuuuu,netral
"thoriq,maaf,bikin,kakak,nyaman,mulai,untuk,layan,alih,untuk,kakak,bisa,akun,anterajacare,agar,bisa,langsung,kami,tindaklanjuti,kendala,happy,fasting,baiknyaramadan,mdas",netral
"mohon,maap,maksud,paket,saya,estimasi,kirim,bulan",negatif
,netral
"takut,banget",negatif
"yaudah,takjil,beliin",netral
"coba,ketika,bulan,puasa,memang,saja",negatif
"maaf,bikin,kakak,risau,mulai,layan,move,maja,tunggu,chat,kamu,moga,puasa,lancar,selalu,dapet,baiknyaramadan,trims",netral
"filia,senang,hati,mulai,layan,move,maja,tunggu,chat,kamu,moga,puasa,lancar,selalu,dapet,baiknyaramadan,trims",netral
"baca,saya,tolong",netral
"dari,hari,jumat,sampai,hari,tidak,dipick,hari,ngapain",negatif
"yang,bener,bener",negatif
oshiku,negatif
"bukti,bohong,publik,coba,bukti,bukti,kalo,kurir,udah,sampe,rumah,saya,bukti,kalo,saya,tidak,rumah",negatif
,netral
,netral
"cantik,banget",netral
mplorrr,netral
"hepizen,maaf,bikin,kakak,nyaman,mulai,untuk,layan,alih,untuk,kakak,bisa,akun,anterajacare,agar,bisa,langsung,kami,tindaklanjuti,kendala,happy,fasting,baiknyaramadan,mdas",netral
"minn,boleh,dibantuuu",netral
"payah,emang",negatif
,netral
,netral
"semangat,jugaa,yaaa",netral
"reply,twit,sambil,makan,dessert,udah,manis,jadi,tambah,manis,karna,baca,twitmu,okede,trims,semangat",positif
"hepizen,maaf,bikin,kakak,kecewa,mulai,untuk,layan,alih,untuk,kakak,bisa,akun,anterajacare,agar,bisa,langsung,kami,tindaklanjuti,kendala,happy,fasting,baiknyaramadan,mdas",netral
,netral
"layan,sangat,burukkkkkkk,lagi,lagi,pake,sekali,doang",negatif
"kirain,chika,balik,hpnya,nyata,christy",netral
,netral
"share,foto,dong",netral
"sameday,dari",negatif
"minta,foto,gita,yang,pakai,jaket,juga,dong,mimin,quet",netral
"mimin,ngajak,gelud",negatif
"yang,reviewer,film,coba,review,drakor,drama,komplek,rempong,anteraja,dong",netral
"makan,minum",netral
"bisa,jalur,cepet,tusut,sama,songong,kitty,totokk,tusutt",netral
keren,positif
,netral
"bukber,kwkw",netral
boleh,netral
"dosa,susah,orang,puasa,sampai,harus,jungkir,balik",negatif
"ngab,toya,cakep,banget,masya,allah",positif
"bener,olla",netral
"suka,mpen,gaya,ngelendot,lama,lihat,anak,ngelendot,selain,cici",netral
"beda,dikit,sama,kdrama,hehe",netral
"haiiii,ollaaaa",netral
"sini,ujan,jadi,dingin,hehe",netral
"buka,pake,boss",netral
"percaya,minum,susu",netral
"hayuk,share,hehehe",netral
,netral
"baiknyaramadhan,kali,semangatin,kalian,karena,siang,lagi,panas,bangett,semangat,juga,ikut,minum,makan,biar,nanti,buka,bareng",netral
,netral
"woyyh,babi,paket,sameday,hari,kirim,sampah",negatif
astaga,positif
"samping,feni,marsha,atau,onil",netral
"trending,foto,balik",netral
wkwkwkwkwk,netral
,netral
"mantab,mplor",positif
kiyowo,positif
,netral
wkwkkwkw,netral
,netral
"sama,sama",netral
"pingin,marah,tapi,lagi,puasa",negatif
,netral
"sekali,masuk,islam",netral
"orang,banget,marsha,masuk,islam,wkwkwk",netral
"makasih,foto,mimin,baik,hati,tidak,sombong",positif
,netral
"fany,senang,hati,mulai,layan,move,maja,tunggu,chat,kamu,moga,puasa,lancar,selalu,dapet,baiknyaramadan,trims",netral
,netral
,netral
,netral
"wuiii,tunggu,banyak,sampe,kapasitas,hapeku,penuh",netral
,netral
sama,netral
,netral
,netral
,netral
tunggu,netral
,netral
takut,negatif
okee,netral
"makasiii,kaaa,wkwk,lancar,puasanyaa",positif
"hadehh,liat,futu,oshiku,satu,satu,sulit,udah,benerin,indah,bagi,baiknyaramadan",negatif
"shoot,sama,flora",netral
"feni,marsha,flora,sama,christy",netral
"admin,ulah,kerja",negatif
"alahhhh,cantik",netral
"kenapa,balik",netral
"oniel,sendiri",netral
"buset,kitty,tinggi",netral
minn,netral
"rela,bolak,balik,demi,kornelia",netral
,netral
"benerbener,yaaaa,wedeeeeh,oniel,cuyyy",netral
"kata,kalo,ngerepotin,puasa,lancar",negatif
,netral
"bener,sampe,ngebalik",negatif
"takut,sama,driver",negatif
,netral
"paket,same,belum,sampai,dari,kemarin,tolong,antar,hari,resi,anteraja",negatif
"susah,orang,lagi,puasa",negatif
"muthee,miinnttt",netral
gitu,netral
,netral
,netral
,netral
,netral
hehe,netral
,netral
,netral
,netral
"muthenya,manaaaaaaaaa",netral
"alamat,biar,mimin,kirimin",netral
"bang,ampun,bang",netral
,netral
,netral
"tobat,mina,pake,laptop,masa,harus,ngebalik,laptop,dulu",negatif
,netral
,netral
,netral
,netral
"masih,pagi,bikin,emosi,dong",negatif
,netral
,netral
,netral
,netral
,netral
"balik,foto",netral
"sama,flora",positif
,netral
,netral
,netral
,netral
,netral
wkwkkwkw,netral
"bisabisanya,foto,balik",negatif
"bagi,baik,bulan,ramadhan,oshi,cantik,banget",netral
,netral
sygq,netral
,netral
"punya,balik",netral
"balik,untuk,lihat,onil",netral
,netral
,netral
,netral
"kamu,tinggi,bener",netral
"bisa,yukkk",netral
"emang,sengaja",netral
"mana,saya,buka,twitt,laptop,lagi,wwkwkwk",netral
,netral
sila,netral
"balik,foto",netral
"baiknyaramadan,bagibagi,foto,oshi,mohon,usaha,dikit,buat,liat,foto",netral
"bisa,bantu,follow,paket,mandeg,padahal,biasa,sampe,sampe,nomer,tiket,lapor",negatif
"bisa,asyhaduu",netral
"izin,save,foto,bapak,oniel",netral
"kangen,mimin,anteraja,ngepost,membs,kurang,lebih,gitu",netral
"paket,saya,status,sudah,dalam,antar,dari,kemarin,sampai,sekarang,belum,sampai,juga",negatif
"hello,request,cash,refund,nggak,beresberes,udah,bulan,lebih,padahal",negatif
"dooooong,thank",negatif
,netral
"nggak,juga",netral
"kenapa,paket,saya,gagal,retur,tidak,benar,jika,kirim,paket,gagal,karena,terima,tidak,barang,belum,pernah,sampai,saya,saya,selalu,rumah,tidak,mana,mana",negatif
"kenapa,paket,saya,gagal,retur,paket,gagal,karena,terima,tidak,benar,padahal,barang,belum,pernah,sampai,saya,saya,selalu,rumah",negatif
"bisa,bantu,tracking,paket",negatif
"pagi,admin,kemarin,saya,request,untuk,pickup,paket,shopee,tapi,kurir,pickup,gimana,saya,butuh,bantu,untuk,pickup,paket,terima,kasih",netral
"aneh,banget,ekspedisi,tiap,anter,sama,lawak,status,anter,rumah,kemarin,hari,malah,balik,lagi,padahal,sama,jakarta",negatif
"pick,hari,kalian,suka,telat,pick",negatif
"walaaah,admin,please,masa,tiap,pakai,lama,terus,kirim",negatif
"paket,mana,minggu,belum,sampe,udah,lapor,tapi,suruh,nunggu,sampe",negatif
"lahhh,samaa,paket,udah,minggu,sampe",negatif
"tolong,paket,saya,mana",negatif
"beuhhhh,keren,banget,kamu",positif
,netral
"pagi,masih,hari,bulan,ramadhan,tapi,kerja,kurir,rekomendasi,udah,kayak,estimasi,tiba,hari,tapi,kurir,sejak,hari,senin,nyampe,lokasi,jual,masih,saja,belum,evaluasi,kerja,kurir,yang",negatif
"kalo,tukang,paket,begini,juga",positif
"sumpah,pdahal,sampe,kota,tuju,kirim,anter,juga,malah,kirim,balik,jakut,tolol,abis",negatif
"mang,eaaakk,minn",netral
"sama,lebih,goblok,rumah,nama,apip,status,terima,oleh,apip,brengsek,emang",negatif
"hadiah,hasil,dari,nyolong,wkwkwk,kang,nilep,barang",negatif
"kalo,kurir,anterajanya,tiap,hari,kirim,paket,request,pick,inimah",positif
"cakep,cuyy",netral
"payah,masa,paket,harus,kirim,tadi,malah,tunda,karena,masalah,operasional,padahal,butuh,barang,buat,dipake,cepat",negatif
wedeh,netral
hahahah,netral
,netral
,netral
"tydack,mungkin,anda,selalu,ngemil",netral
"jangan,lupa,coba,rasa,buka,puasa",netral
"puasa,prapaskah,lupa",netral
"pickup,kapan,makin,ngulur,waktu,udah,ditungguin,dari,jumat,siang,sampe,skrg,yang,pickup",negatif
,netral
"yang,nganter,paket,tadi,bukan",netral
waini,netral
"affhhh,iyyhhh",netral
"paket,nyampe",negatif
shareloc,netral
"jangan,kurir",netral
,negatif
"oniel,satria",netral
"anter,paket,rumah,saya,dong,hehe",positif
,positif
"masya,allah",positif
mint,netral
"kurir,sayang",positif
"masalah,sama,telat,pickup,contoh,bener,gitu,biar,telat,tapi,alas,nyalahin,seller,please,kalo,bisa,cepat,tidak,jujur,gituloooo",positif
,positif
"info,kurir,kayak,daerah,jogja",netral
"onielchan,cantik,banget",netral
"info,paket,mint",negatif
"kurir,baru",netral
"asiik,bisa,anterin,pketku,sampai,rumah",netral
affh,netral
"kamu,cocok,oniel,jadi,kurir,anteraja",netral
,positif
"cakep,bener",netral
"oniel,emang,cantik,banget,sayang,banget,oniel,sama,kamu,oniel,paling,rajin,ngabarin,tiap,hari",positif
"wededeh,alhamdulillah",positif
"pink,banget",netral
"skin,kurir",netral
"widih,paket,sampe,kurir,anterin,bisa,ngga",netral
"ngisep,darah,ngga",netral
"asikk,pink,pink",netral
"makasiiih,minn,udah,ajak,mampir",positif
"emang,kamu,puasa,paskah,sekarang",netral
"jangan,lupa,cobain,bukber,takjil,juga",netral
greee,netral
"marshaaaaa,mimin,saat",netral
"mang,eakk",netral
"haiii,oniel,yang,tadi,abis,mainmain,anteraja",netral
"kurir,gajelas,naruh,paket,entah,mana,terang,terima,orang,langsung,padal,baru,balik,pusing,mikirin,kuliah,lagi,excited,sama,paket,malah,buat,sama,kurir,search,anteraja,search,kendala,banyak,yang,sama",negatif
"makin,cinta",positif
"semangat,puasa,matcha",netral
,netral
"jadi,cerita,lagi,training,insyaallah,tahun,depan,masuk,islam",netral
mang,netral
"yang,benerr,ngabb",netral
,netral
,netral
"masya,allah,onyiel",positif
mantap,positif
"eiitttsss,produk,baik,kami",positif
"masya,allah",positif
"saya,biasa,lagi,minum,makan,karena,puasa,begitu,minum,makan,tapi,mesti,nahan,diri,untuk,dengerin,atau,bahkan,ninggalin,temen,lagi,ghibah,susah",netral
"mantaaps,bujet",positif
"mnding,ganti,nama,entar,drpd,anter",negatif
"puasa,prapaskah,nanti",netral
"mimin,yang,satsetsatset,normal,bolak,balik,portairport,kota,asalgtkota,tujuangthubgtkota,asal,lagi",positif
mangeak,netral
"bawah,matahari,lari,hari,hari,masa,muda",netral
"sekali,mumpung,event,gede,bulan",netral
"serasa,lagi,siksa,sama,belanda",netral
"ngmng,apas",netral
"gapapa,trial",netral
"wuidih,cweeet",netral
"mending,budim,belakang,sama,pulang,gerejaaa,shaa",netral
,netral
"baiknyaramadan,kali,ingin,hormat,member,yang,puasa,dengan,tidak,makan,depan,mereka,skalian,coba,rasa,puasa",netral
"keren,maeng",netral
mantul,positif
"kata,sekali,login",netral
"bener,biar,dapet,kwrunianya",netral
shap,netral
mint,netral
"kenapa,order,saya,dari,hari,sabtu,pick,sampe,sekarang",negatif
anime,netral
kereen,positif
"gigi,hannyhihihi",netral
"frustasi,banget,kirim,lewat,anter,paket,gerak,gerak,tolong,hari,minggu,gerak,paket,saya,resi,sudah,saya",negatif
masokkk,netral
"keren,queen",positif
"keren,marshaa",positif
"subhanallah,onieeelll",positif
manttap,netral
heeyy,netral
kapan,netral
"buka,puaa,oniel,beli",netral
"indah,telorasin",netral
anjassss,netral
cakepp,positif
ashiap,netral
siap,netral
"widihh,keren",positif
"ikut,puasa,siapa,penasaran,wkwk",netral
"gaada,nich",netral
siap,netral
"wihh,manntulity",positif
widih,netral
,netral
"beuhhh,mangstap",positif
,netral
,netral
"baik,garis,putih,lapang,sekolah",netral
wedede,netral
,netral
"keren,matcha",positif
mint,netral
"beuhhh,siap,maeng",netral
"kirain,hashtag,baru",netral
"okeee,cinta",netral
"template,wkwk",netral
"indah,telor,asin",netral
"bisa,samping,wkwkw",netral
masyaallah,positif
usah,netral
keren,positif
siaaaappp,netral
"telpon,ketok,rumah,status,paket,tunda,terima,hubung,kntorrmah,tutup,smua,aktif,rumah,mnggu,satria,kbar",negatif
masyaallah,positif
"bohong,kamuh",negatif
kerennn,positif
"jangan,kebalikbalik,logika,justru,yang,puasa,harus,hormat,yang,tidak,puasa,puasa,bukan,soal,makan,minum,lebih,jauh,lagi,kena,olah,rasa,olah,nafsu",negatif
wedehhh,netral
"bener,bulan,puasa,gaboleh,boong",netral
"bangga,lohhh",positif
"haloo,status,masih,proses,jakarta,timur,bisa,ambil,langsung",netral
,netral
"shap,mint",netral
bweuuhhhh,netral
"login,hari,jumat,ngomong,astaghfirullah,gitu",netral
"mulai,sekarang,bakal,pake,anteraja,buat,berangkat,kerja,pake",positif
mint,positif
"terima,kasih,anteraja,sudah,buat,marsha,ngetwit",positif
,netral
"thanks,info",positif
,netral
mantappp,positif
"selamat,buka,puasa",netral
,netral
"free,gacha,jamin,char",netral
"mashallah,subhanallah,matchaaa",positif
"maeng,maeng,maeng",netral
"mang,eaaaak",netral
"kerenn,marsha",positif
"wowowowowoo,buka,dulu,dong,sekarangg",netral
beeuuuhhh,netral
alhamdulillah,positif
"rasa,puasa,adalah",netral
mint,netral
"mantulity,alias,saat,mint",positif
"kerennn,semangat,browwww",positif
,netral
"wedehhhh,mantap,anime",positif
mantap,positif
"mending,kamu,sekali,server,mumpung,lagi,event",netral
"behhh,semangat,maeng",netral
marshaoloh,netral
"mantap,shaa",positif
"beuuhhhhhh,mantap,sekali",positif
keren,positif
okeh,netral
,netral
"makan,tinggal,makan,padahal",netral
ntapppp,positif
semangat,netral
"kamu,bisa,maca",netral
bismillah,netral
,netral
"wedehhh,siapp,matchaaa",netral
wedehhh,netral
,netral
"baiknyaramadan,kali,ingin,hormat,member,yang,puasa,dengan,tidak,makan,depan,mereka,skalian,coba,rasa,puasa",netral
"siap,info,telah,terima,dengan,baik",positif 
"mantap,mint",positif
"siap,mint",netral
mint,netral
"okee,niel",netral
,netral
"apakah,diri,bisa,baik",netral
"keren,oshiku",positif
mantapp,positif
mint,netral
kerenn,positif
mint,netral
nnti,netral
"selamat,buka,onielll",netral
"selamat,buka,puasa",netral
"semangatt,ciii,gree",netral
mint,positif
"bikin,video,with,dong",netral
mint,netral
"cemangat,tahan,lapar,haus,cigre",netral
,netral
masyaallah,positif
"tolong,shopee,otomatis,males,sameday,anter,expedisi,jelas,sameday,biar,gojekgrab,bagus,anteraja,usah,pake",negatif
,netral
"mauuu,jugaaaa",positif
"coba,mana,foto,pake,jaket,anteraja",netral
masyaallah,positif
"mantap,mint",positif
ashiapppp,netral
"wihhh,keren,mint",positif
"wedee,mangtapp",positif
"terima,kasih",positif
masyaallah,positif
"buka,pake,niel",netral
"keren,banget,onielku,sayang,selamat,buka,puasa,oniel",netral
"mampir,thread,oniel",netral
aamiin,netral
,netral
"masya,allah",netral
"betul,oniel",netral
,netral
"sameday,sameday,kucing",negatif
"siapp,packk",netral
kelasss,netral
sipp,netral
"baiknyaramadhan,bukan,cuma,soal,tahan,lapar,haus,tapi,juga,untuk,baik,diri,sendiri",netral
mantap,positif
mantap,positif
"kerja,bagus",positif
mint,netral
keren,positif
"usaha,baik,akan,datang,baik",netral
heheh,netral
"mantappp,cigee,dari,dulu,emang",positif
"wihhh,keren",positif
"mantap,betul,cimta",positif
"mang,bagus,bagus",netral
,netral
,netral
kereeen,positif
,netral
,netral
buka,netral
"mantap,mint",positif
"shiaap,mingre,terbaiq",netral
great,netral
"rill,mint",netral
keren,positif
dong,positif
keren,positif
ciciyangbaik,netral
"keren,mint",positif
,netral
"waini,mantap",positif
mint,netral
hehehe,netral
"coba,isengin,shani,sama,mpen,biar,puasa,lama",netral
"mantap,kali,cigre",positif
"alhamdulillah,mkasih,toleransi",positif
info,positif
"keren,sekali,cici",positif
terimakasih,netral
mantap,positif
"kalo,makan,depan,liat,kamu,udah,kenyang,kayak,abis,makan,ransum",netral
"ultah,lohh,ucapin,dongg,hehehe",netral
"terima,kasih,semangattt",positif
"sayang,cici,banget",netral
,netral
"bismilah,cigre",netral
"mint,mantap",positif
mint,netral
