"Akun,Tweet,Lokasi"
"https://twitter.com/woratama,Ini lho leletnya kurir rekomendasimu @TokopediaCare . Besok2 buang @anteraja_id @AnterajaCare dari list kurir rekomendasi Tokped! Tiap dapet rekomendasi kurirnya Anteraja kok mesti bermasalah. Dari hari rabu kok status menuju ke hub terus. Hub opoo???? https://t.co/6bM1svfxBb,"
"https://twitter.com/anteraja_id,""@aespacha Hi Kak, jgn risau ya. Kendala paket kamu akan segera MinAja bantu. Yuk bisikin no resi kamu ke DM akun baru kami di @AnterajaCare spy privasimu terjaga. Trims :) ^PI"","
"https://twitter.com/gerracyntiaa,GABERESSSS NI EKSPEDISI SATU!!!! @anteraja_id @AnterajaCare,"
"https://twitter.com/tatihar_10,""@anteraja_id BAIKNYA RAMADAN,"
"https://twitter.com/aespacha,@anteraja_id cek dm min,"
"https://twitter.com/sjpocas,uda dari tgl 29 blm nyampe jg ini gimana sih lelet bgt? @anteraja_id https://t.co/AGID9IbLf3,"
"https://twitter.com/busansqueen,berantam aja kita ğŸ˜¡ğŸ˜¡ğŸ˜¡ğŸ˜¡ @anteraja_id jdekhdjdj besok perpisahan pake apaaaaa huhuhu miiiin cepatkan dulu pengirimannyaaa ğŸ˜­ğŸ˜­ğŸ˜­ğŸ˜­ğŸ˜­,"
"https://twitter.com/HiPujaaa,""@anteraja_id min, gimana nih kurir nya salah kirim. Masak jauh banget kirimnya dari nomor 37 ke nomor 3 -___-"","
"https://twitter.com/busansqueen,anteraja kenapa lelet kali sih mau nangis @anteraja_id,"
"https://twitter.com/WenzSpy,@anteraja_id @AnterajaCare Sudah saya DM ke akun @AnterajaCare,"
"https://twitter.com/anteraja_id,""@zipoer76 Hi Hepizen, maaf ya bikin kakak ga nyaman. FYI, mulai tgl 20 Feb 2023 untuk layanan @anteraja_id beralih ke @AnterajaCare. Untuk itu kakak bisa DM akun AnterajaCare agar bisa langsung kami tindaklanjuti kendalanya ya kak. Happy Fasting #BaiknyaRamadan. Thx :) ^MDAS"","
"https://twitter.com/anteraja_id,""@WenzSpy Hi Hepizen, maaf ya bikin kakak ga nyaman. FYI, mulai tgl 20 Feb 2023 untuk layanan @anteraja_id beralih ke @AnterajaCare. Untuk itu kakak bisa DM akun AnterajaCare agar bisa langsung kami tindaklanjuti kendalanya ya kak. Happy Fasting #BaiknyaRamadan. Thx :) ^MDAS"","
"https://twitter.com/WenzSpy,""@tokopedia @TokopediaCare min, itu tolong fitur sameday dr @anteraja_id  dihapus lah, pake sameday @anteraja_id gk prnh tepat waktu, kurirnya suka bikin update palsu untuk mendelay pickup paket"","
"https://twitter.com/whateveritakez,@anteraja_id @AnterajaCare Sudah saya DM ya kak,"
"https://twitter.com/zipoer76,""@anteraja_id giveaway mulu... paket ndak diurusin,... udah dari dulu alasan belum siap, toko tutup, nomor tidak aktif, asli basi banget dah... tuh sameday nyampe kapan??? @anteraja_id https://t.co/OLzeKfgItW"","
"https://twitter.com/overdozzd,@fokusrg @anteraja_id gabisa gabisa,"
"https://twitter.com/anteraja_id,""@AnnaPratiwi Hi Kak, maaf ya bikin kakak ga nyaman. FYI, mulai tgl 20 Feb 2023 untuk layanan @anteraja_id beralih ke @AnterajaCare. Untuk itu kakak bisa DM akun AnterajaCare agar bisa langsung kami tindaklanjuti kendalanya ya kak. Happy Fasting #BaiknyaRamadan. Thx :) ^MDAS"","
"https://twitter.com/anteraja_id,""@vhienuna Hi Kak, maaf ya bikin kakak ga nyaman. FYI, mulai tgl 20 Feb 2023 untuk layanan @anteraja_id beralih ke @AnterajaCare. Untuk itu kakak bisa DM akun AnterajaCare agar bisa langsung kami tindaklanjuti kendalanya ya kak. Happy Fasting #BaiknyaRamadan. Thx :) ^MDAS"","
"https://twitter.com/anteraja_id,""@AnnaPratiwi Hi Kak Anna, maaf ya bikin kakak ga nyaman. FYI, mulai tgl 20 Feb 2023 untuk layanan @anteraja_id beralih ke @AnterajaCare. Untuk itu kakak bisa DM akun AnterajaCare agar bisa langsung kami tindaklanjuti kendalanya ya kak. Happy Fasting #BaiknyaRamadan. Thx :) ^MDAS"","
"https://twitter.com/vhienuna,""@anteraja_id paket gue mana woi,udah berhari2 di jakut mulu,kasih tau kenapa telat kasih jawaban yang jelas bukan sok2an solusi investigasi bla bla bla,muak banget sumpah ga guna jg dm dm"","
"https://twitter.com/AnnaPratiwi,""@anteraja_id Halo @anteraja_id paket saya dgn no resi 10006923421195 masih nyangkut dimana ya? Keterangannya ; delivery tertunda karena masalah operasional. Padahal SAME DAY loh... https://t.co/WtrXnLjjwJ"","
"https://twitter.com/muftimuhammad9,""@anteraja_id Definisi #BaiknyaRamadan versi aku adalah ketika adanya peningkatan dalam hal ibadah dan berbuat baik kepada sesama, baik secara kualitas maupun kuantitas. #PastiLebihBaik"","
"https://twitter.com/AnnaPratiwi,""Halo @anteraja_id paket saya dgn no resi 10006923421195 masih nyangkut dimana ya? Keterangannya ; delivery tertunda karena masalah operasional. Padahal SAME DAY loh...Isinya makanan, gmn kalo basi? https://t.co/04MJVm8zAt"","
"https://twitter.com/fokusrg,@overdozzd @anteraja_id SabarrrğŸ˜­,"
"https://twitter.com/anteraja_id,""@AnnaPratiwi Hi Kak Anna, maaf ya bikin kakak ga nyaman. FYI, mulai tgl 20 Feb 2023 untuk layanan @anteraja_id beralih ke @AnterajaCare. Untuk itu kakak bisa DM akun AnterajaCare agar bisa langsung kami tindaklanjuti kendalanya ya kak. Happy Fasting #BaiknyaRamadan. Thx :) ^MDAS"","
"https://twitter.com/AnnaPratiwi,""Halo @anteraja_id paket saya dgn no resi 10006923421195 masih nyangkut dimana ya? Keterangannya ; delivery tertunda karena masalah operasional. Padahal SAME DAY loh..."","
"https://twitter.com/anteraja_id,""@antymooo Hi Kak, jgn risau ya. Kendala paket kamu akan segera MinAja bantu. Yuk bisikin no resi kamu ke DM akun baru kami di @AnterajaCare spy privasimu terjaga. Trims :) ^PI"","
"https://twitter.com/derinps_,""@anteraja_id Definisi #BaiknyaRamadan versi aku adalah ketika banyak orang yang rela ga tidur buat bangunin orang lain sahur keliling komplek. Bener bener bulan Ramadan seindah itu. #PastiLebihBaik â¤ï¸"","
"https://twitter.com/anteraja_id,""@overdozzd Hi Hepizen, jgn risau ya. Kendala paket kamu akan segera MinAja bantu. Yuk move DM ke akun baru kami di @AnterajaCare spy privasimu terjaga. Trims :) ^PI"","
"https://twitter.com/itsbanyu,""@anteraja_id #BaiknyaRamadan itu memperbanyak ibadahnya, untuk mendapatkan pahala yang lebih berlimpah, mengharap ridha dari Allah SWT, dan mendapat keberkahan yang lebih bermanfaat untuk kehidupannya. @anteraja_id"","
"https://twitter.com/overdozzd,ini ngapa sampe nyasar ke jakut sih tolol??? idiot bgt dah @anteraja_id https://t.co/mZHz34m103,"
"https://twitter.com/anteraja_id,""Yuk, coba sambungin kalimat di gambar ini! Jangan lupa pakein hashtag #BaiknyaRamadan ya! Ada hadiah spesial dari Anteraja buat reply yang paling menarik. Ditunggu yaaa karena #PastiLebihBaik â¤ï¸ https://t.co/FYcZVxeOxW"","
"https://twitter.com/vhienuna,""@chachaciah @anteraja_id Sama banget kayak paket gue,dijakut berhari2,ga punya bensin atau apa ga dianter2,atau hilang? Mau dicancel kasian yg jualan,padahal yg berulah si antar aja ini"","
"https://twitter.com/antymooo,""Hallo @anteraja_id kamu maunya apa sih?. Waktu pickup seharusnya jam 08:00-10:00, tapi sampai jam 11:47 belum di pickup. Saya coba chat WA tidak ada respon. Anteraja masih ada atau hanya sekedar nama nih?"","
"https://twitter.com/maudykhair_,""@anteraja_id @AnterajaCare jawaban lu gak menjawab pertanyaan gue. kerja yg bener, jgn dijawab bot mulu kalo org komplain!"","
"https://twitter.com/derinps_,@anteraja_id Definisi #BaiknyaRamadan versi aku adalah ketika semua orang beli takjil bukan untuk dimakan sendiri tapi untuk diantar ke mesjid buat orang-orang berbuka puasa bersama.,"
"https://twitter.com/ddberiman,""@anteraja_id #BaiknyaRamadan itu ketika semua orang berlomba lomba melakukan kebaikan, krna mereka sadar dibulan yg penuh berkah ini pahala dilipat gandakan. contoh bnyak yg berbagi takjil, baik di acara masjid maupun dijalan raya, baik orang tua dan muda berlomba mendapatkan keberkahan"","
"https://twitter.com/ke_renKul,""@anteraja_id Ketika banyak berbagi untuk buka puasa dibulan ramadhan dan melihat senyuman orangÂ², hati pun merasa senang saat melihat mereka tersenyum dan ada yg sampe meneteskan air mata, lalu mengucapkan terimakasih. #BaiknyaRamadan #PastiLebihBaik"","
"https://twitter.com/anteraja_id,""@ryuryuuu__ Hi Hepizen, maaf ya bikin kakak ga nyaman. FYI, mulai tgl 20 Feb 2023 untuk layanan @anteraja_id beralih ke @AnterajaCare. Untuk itu kakak bisa DM akun AnterajaCare agar bisa langsung kami tindaklanjuti kendalanya ya kak. Happy Fasting #BaiknyaRamadan. Thx :) ^MDAS"","
"https://twitter.com/bennevilles,@anteraja_id @AnterajaCare Cek dm ya,"
"https://twitter.com/anteraja_id,""@cummeee Hi Kak Yudi, jgn risau ya. Kendala paket kamu akan segera MinAja bantu. Yuk move DM ke akun baru kami di @AnterajaCare spy privasimu terjaga. Trims :) ^PI"","
"https://twitter.com/anteraja_id,""@bennevilles Hi Hepizen, jgn risau ya. Kendala paket kamu akan segera MinAja bantu. Yuk move DM ke akun baru kami di @AnterajaCare spy privasimu terjaga. Trims :) ^PI"","
"https://twitter.com/bennevilles,@anteraja_id halo paket saya sampe sekarang belum di pickup up. Gimana ya solusinya? Kasian customer saya,"
"https://twitter.com/ryuryuuu__,Esoknya tuh kapan?!! Dari tgl 29 kaga gerak gerak. Molor apa kurir lu? Padahal udh di ss terakhir. Masa kudu gue yg jemput ke kantornya? Ga lagi lagi pake anteraja @anteraja_id https://t.co/KUFFm5rDEq,"
"https://twitter.com/anteraja_id,""@recehtapisayng jadi, siapa yang menang?"","
"https://twitter.com/cak_roo,""@anteraja_id @AnterajaCare berarti paket saya paling lambat besok sudah harus tiba di airport tujuan dan langsung dikirim yah. Estimasi tiba paling lambatnya di hari Minggu soalnya, sedangkan mimin hari Minggu libur. jk sampe besok siang / sore status atau barang belum diterima, berarti jadi masalah (lagi) https://t.co/bouP3uZvuG"","
"https://twitter.com/cummeee,@anteraja_id cek dm lama banget ngirimnya bang.,"
"https://twitter.com/anteraja_id,""@LeeKnowNose Hi Hepizen, jgn risau ya. Kendala paket kamu akan segera MinAja bantu. Yuk move DM ke akun baru kami di @AnterajaCare spy privasimu terjaga. Trims :) ^PI"","
"https://twitter.com/anteraja_id,""@cak_roo Hi Kak Cakra, jgn risau ya. Pada hari Minggu, tdk ada proses pengiriman utk layanan Eco dan Reg ya kak. Apabila ada kendala, yuk move DM ke akun baru kami di @AnterajaCare spy privasimu terjaga. Trims :) ^PI"","
"https://twitter.com/anteraja_id,""@chachaciah Hi Kak Acha, jgn risau ya. Kendala paket kamu akan segera MinAja bantu. Yuk move DM ke akun baru kami di @AnterajaCare spy privasimu terjaga. Trims :) ^PI"","
"https://twitter.com/LeeKnowNose,@anteraja_id Kalian paling buruk ya diantara semua ekspedisi. Barang saya udah 5 hari gak di pick up juga. Maksudnya apa ini berhari2 bohongin saya katanya tunggu aja nanti juga datang. Bilangnya hari ini terus. Mana ini tanggung jawab nya? Sampe berhari hari juga gak datang! https://t.co/Fj9Fdr2j9d,"
"https://twitter.com/cak_roo,""min @anteraja_id , hari Minggu ada pengantaran paket gak ?"","
"https://twitter.com/chachaciah,""Dan terjadi lagiâ€¦â€¦.. Tolong yaa @anteraja_id paket saya segera dikirim, ngapain itu nangkring di Jakut?? https://t.co/nUqNTwu1C9"","
"https://twitter.com/bondan_we97,@anteraja_id Gemash (â Â â êˆâ á´—â êˆâ ),"
"https://twitter.com/blue_cloudysky,""dulu ak suka bgt pake anteraja krn pengirimannya cepet, tp skrng? sangat mengecewakan, sampe pagi ini status masih begini, ekspedisi lain dgn pengiriman di hari yg sama udh sampe dari lama @anteraja_id @AnterajaCare"","
"https://twitter.com/blue_cloudysky,""@AnterajaCare udh chat via wa dan dilakukan investigasi tapi tetap aja lama banget investigasinya, sampe pagi ini posisi masih stuck di jakut, sangat mengecewakan @AnterajaCare @anteraja_id"","
"https://twitter.com/DaniPrasetyo993,@anteraja_id @JNE_ID,"
"https://twitter.com/anteraja_id,""@bgs__kurniawan Hi Kak Bagas, jgn risau ya. Kendala paket kamu akan segera MinAja bantu. Yuk bisikin no resi kamu ke DM akun baru kami di @AnterajaCare spy privasimu terjaga. Trims :) ^PI"","
"https://twitter.com/anteraja_id,""@fadjarbtirta Hi Hepizen, jgn risau ya. Kendala paket kamu akan segera MinAja bantu. Yuk move DM ke akun baru kami di @AnterajaCare spy privasimu terjaga. Trims :) ^PI"","
"https://twitter.com/anteraja_id,""@Nelll_V Hi Hepizen, jgn risau ya. Kendala paket kamu akan segera MinAja bantu. Yuk move DM ke akun baru kami di @AnterajaCare spy privasimu terjaga. Trims :) ^PI"","
"https://twitter.com/anteraja_id,""@suciamaliaNd Hi Kak Suci, jgn risau ya. Kendala paket kamu akan segera MinAja bantu. Yuk bisikin no resi kamu ke DM akun baru kami di @AnterajaCare spy privasimu terjaga. Trims :) ^PI"","
"https://twitter.com/anteraja_id,""@hyeiinfp Hi Kak, jgn risau ya. Kendala paket kamu akan segera MinAja bantu. Yuk bisikin no resi kamu ke DM akun baru kami di @AnterajaCare spy privasimu terjaga. Trims :) ^PI"","
"https://twitter.com/anteraja_id,""@bayri__ @ShopeeID Hi Kak, jgn risau ya. Kendala paket kamu akan segera MinAja bantu. Yuk bisikin no resi kamu ke DM akun baru kami di @AnterajaCare spy privasimu terjaga. Trims :) ^PI"","
"https://twitter.com/anteraja_id,""@bayri__ Hi Hepizen, jgn risau ya. Kendala paket kamu akan segera MinAja bantu. Yuk move DM ke akun baru kami di @AnterajaCare spy privasimu terjaga. Trims :) ^PI"","
"https://twitter.com/rahmamidori,@anteraja_id @AnterajaCare Sudah dari malan ga di balas2,"
"https://twitter.com/anteraja_id,""@Fauzan_thok25 Hi Kak Reza, jgn risau ya. Kendala paket kamu akan segera MinAja bantu. Yuk bisikin no resi kamu ke DM akun baru kami di @AnterajaCare spy privasimu terjaga. Trims :) ^PI"","
"https://twitter.com/anteraja_id,""@jurigkamera Hi Kak, jgn risau ya. Kendala paket kamu akan segera MinAja bantu. Yuk bisikin no resi kamu ke DM akun baru kami di @AnterajaCare spy privasimu terjaga. Trims :) ^PI"","
"https://twitter.com/anteraja_id,""@rahmamidori Hi Kak Rahma, jgn risau ya. Kendala paket kamu akan segera MinAja bantu. Yuk bisikin no resi kamu ke DM akun baru kami di @AnterajaCare spy privasimu terjaga. Trims :) ^PI"","
"https://twitter.com/anteraja_id,""@katropolitan_ Hi Kak, jgn risau ya. Kendala paket kamu akan segera MinAja bantu. Yuk bisikin no resi kamu ke DM akun baru kami di @AnterajaCare spy privasimu terjaga. Trims :) ^PI"","
"https://twitter.com/anteraja_id,""@maudykhair_ Hi Kak Lulu, jgn risau ya. Kendala paket kamu akan segera MinAja bantu. Yuk bisikin no resi kamu ke DM akun baru kami di @AnterajaCare spy privasimu terjaga. Trims :) ^PI"","
"https://twitter.com/anteraja_id,""@malfoyry Hi Kak, jgn risau ya. Kendala paket kamu akan segera MinAja bantu. Yuk bisikin no resi kamu ke DM akun baru kami di @AnterajaCare spy privasimu terjaga. Trims :) ^PI"","
"https://twitter.com/anteraja_id,""@jktdarling Hi Hepizen, jgn risau ya. Kendala paket kamu akan segera MinAja bantu. Yuk move DM ke akun baru kami di @AnterajaCare spy privasimu terjaga. Trims :) ^PI"","
"https://twitter.com/anteraja_id,""@woolinee Hi Kak Celine, jgn risau ya. Kendala paket kamu akan segera MinAja bantu. Yuk bisikin no resi kamu ke DM akun baru kami di @AnterajaCare spy privasimu terjaga. Trims :) ^PI"","
"https://twitter.com/anteraja_id,""@jeungkir Hi Kak Jeje, jgn risau ya. Kendala paket kamu akan segera MinAja bantu. Yuk move DM ke akun baru kami di @AnterajaCare spy privasimu terjaga. Trims :) ^PI"","
"https://twitter.com/anteraja_id,""@larastianisa Hi Kak Laras, jgn risau ya. Kendala paket kamu akan segera MinAja bantu. Yuk move DM ke akun baru kami di @AnterajaCare spy privasimu terjaga. Trims :) ^PI"","
"https://twitter.com/larastianisa,@anteraja_id heh entaraja cepet pick up paket no resi 10006943190156. Puasa2 bikin gondok aje lu! Dah 2 hari ga di pick up2. Lelet!!!!!,"
"https://twitter.com/AhmadRahardyan,@fattahazzam98 @anteraja_id Sudah tau,"
"https://twitter.com/baymekii,""beli barang dr tgl 2 Maret di @tokopedia, ekspedisinya pake @anteraja_id , sampe sekarang gk nyampe, udh ngajuin refund dgn ngirim bukti invoice tgl 15 Maret, katanya proses paling lama 14 Hari, ditunggu2 gataunya tgl 31 Maret zonkkk, ampasssssss @AnterajaCare"","
"https://twitter.com/jeungkir,""Paket gue lu kemanain kok muter"""" doang @anteraja_id"","
"https://twitter.com/woolinee,@anteraja_id sortir di gudang sunternya manual kah? Sampe ngestuck seminggu? https://t.co/0n4bmk3brT,"
"https://twitter.com/faqihMukhamad1,@C_JesslynJKT48 Ci jess mau cerita. Aku order b'day T-shirt mu. Tanggal 27. Tanggal 30 paketnya datang. Pas dibuka isi nya gir motor. Untung bisa komplain ke jkt merc nya duit dibalikin dan bisa order ulang t shirt mu. Ini salahnya si @anteraja_id sih. Tapi oke yang penting masalah terselesaikan,"
"https://twitter.com/jktdarling,""Belanja online dan dikirim pake @anteraja_id dari tgl 24 belum sampe2, padahal Tangerang Selatan doang. Meanwhile paket cross-border dikirim hari yg sama udah sampe. Lucu kamu."","
"https://twitter.com/taufikcow83,""@anteraja_id BAIKNYA RAMADAN #PastiBagiHadiah #BaiknyaRamadan @paliiiyyyyyyy @LiiaMonday @woodeiy"","
"https://twitter.com/ccloudbbread,@anteraja_id kenapa anteraja tidak mau mengirim barang langsung ke rumah konsumen?,"
"https://twitter.com/Ginko_2020,Harus Nunggu Sampai Lebarankh??? @anteraja_id @AnterajaCare https://t.co/Fejy6WgkB9,"
"https://twitter.com/blablabla0705,""@sn_azizah2101 @anteraja_id Belum,,,dan udah dibatalin aja di platform e commercenya"","
"https://twitter.com/malfoyry,""Gimana nih @anteraja_id paket customer saya hilang dan tercecer, saya juga yang dirugikan disini, udah barang ilang, cust uangnya kembali, saya ngga dapet uang pula, yang paling dirugikan jelas saya lah https://t.co/236oJY7Kj2"","
"https://twitter.com/dieliatin,""@anteraja_id Baiknya Ramadan âœ¨ï¸ Yuk, Ikutan Sobat! @asprysda @ekanandaar @indraaaaaay #PastiBagiHadiah #BaiknyaRamadan"","
"https://twitter.com/UwoooH,""@anteraja_id Baiknya Ramadan. Yuk Ikutan! @grizzyyyl @kangcakuwe @asprysda #PastiBagiHadiah #BaiknyaRamadan"","
"https://twitter.com/Donquixote1414,@anteraja_id @C_IndahJKT48 Wkwk ada ada aja lu bangsatriağŸ˜‚,"
"https://twitter.com/maudykhair_,""halo @anteraja_id gimana nih? ini casenya gue pilih kirim sameday ternyata samedaynya anteraja, gue fikir grab/gojek. Kok bisa sih paket belum diterima udah diselesaikan? ckckckc #JanganPilihAnteraja #BoikotAnteraja https://t.co/N9ICYTeQq7"","
"https://twitter.com/nailiyfaizah14,@anteraja_id Makasih min... makin cinta dehh,"
"https://twitter.com/Jobriik,@bismilah_menang @anteraja_id @DePoliglote @RaniKancana ğŸ¤²ğŸ¤²ğŸ¤²,"
"https://twitter.com/fikritullahh,@anteraja_id @FloRisenID Bang Satria ini pacar akuu,"
"https://twitter.com/muhsans289,@anteraja_id @48timee @Rizkyjuandra22,"
"https://twitter.com/afifzulfa03,@anteraja_id Adel donk min,"
"https://twitter.com/Betamire,@anteraja_id @48timee Subhanallah..,"
"https://twitter.com/vikaullia,@anteraja_id Cek dm min,"
"https://twitter.com/bangoyan25_,@anteraja_id Cakep banget masyaallah,"
"https://twitter.com/choorooroo,Udh mana sempet nyasar ke bogor. Hari ini tinggal dianter malah ada masalah operasional ga ngerti lagi deh gue @AnterajaCare @anteraja_id https://t.co/zhtvK380iV,"
"https://twitter.com/nffllll,@anteraja_id bojo kuloğŸ˜,"
"https://twitter.com/acylopqxyzee,@A_ZeeJKT48 kirim pake @anteraja_id frozen,"
"https://twitter.com/rahmamidori,@anteraja_id  cek dm min saya kirim no. Resinya tolong di update statusnya,"
"https://twitter.com/jurigkamera,""@TokopediaCare hallo min gmn ya orderan saya di refund tanpa konfirmasi lagi sama @anteraja_id , udah banyak yg di refund tanpa keterangan. Saya udah ajukan komplain tp menunggu infestigasi aja, padahal statusnya udah di terima seller kembali."","
"https://twitter.com/wan_iwann8,@anteraja_id aduh makasih min ğŸ¥°,"
"https://twitter.com/fnychk_0427,@anteraja_id ğŸ˜ğŸ˜ğŸ˜,"
"https://twitter.com/Fauzan_thok25,@anteraja_id min ini paketnya dibawa kerumah dulu sama kurir apa gmn ya kali sore jam 3 sampe sekarang paket blm sampe,"
"https://twitter.com/lightadore_xy,@el_yurans @anteraja_id Hmm...,"
"https://twitter.com/bayri__,Masalahnya masih di pake di @ShopeeID ini ekspedisi @anteraja_id udah req ke penjual jgn pake ekspedisi ini tp penjual bilang ini otomatis shopee yg ngatur. Jd males berlanja di shopee kalo ketemu ekspedisi lelet ini.,"
"https://twitter.com/bayri__,Ngga berbenah juga ini ekspedisi @anteraja_id heran! Cape lah secapek2nya ga sekali lho. 3 kali kecewa sama pelayanan anter aja. Jkt-depok bisa seminggu lebih nyampenya. Tangerang-jaktim hampir seminggu nyasar pula. Lelet dan ngawur. Semoga barang ga rusak/hilang ğŸ˜‘,"
"https://twitter.com/ArzZee28,@anteraja_id Req Fureya minn ğŸ›ğŸ›,"
"https://twitter.com/Miqbal015,""@anteraja_id Mantap min, saya suka saya suka"","
"https://twitter.com/FJKT48CIMAHI,""@anteraja_id Oh ini yang nganterin bday tshirtnya Flora, cantik yaaa ğŸ˜™"","
"https://twitter.com/hyeiinfp,@anteraja_id masih pick up paket ga sih? kok paketku blum dipick up pick up ya? apa harus ke counter nya?,"
"https://twitter.com/A_adrian_iyan,@anteraja_id @C_IndahJKT48 Apa si lo gk diajakğŸ¥´,"
"https://twitter.com/suciamaliaNd,Haloooo ada apa dengan @anteraja_id????? Ini mengecewakan sekali. Padahal paket yg di pesan dengan waktu yg sama dengan ekspedisi yg berbeda udah sampai. Dan ga terjadi sekali dua kali. Please lah tolong perbaiki ada apa dengan @anteraja_id jakarta timur https://t.co/n1eLWbtlUS,"
"https://twitter.com/DtysRanger,@eysaa_a @S_FloraJKT48 @anteraja_id ENGGA DONG https://t.co/QQYBsUOeJH,"
"https://twitter.com/kyy_tempest,@anteraja_id thank u mimin tau aja nih,"
"https://twitter.com/anteraja_id,""@C_IndahJKT48 Kirain A dari KAMI Anteraja, kak Indah. ğŸ«£"","
"https://twitter.com/HudaramaS,@anteraja_id CimtakuğŸ¥°,"
"https://twitter.com/mirokii,@anteraja_id kak paketan sya ga sampe2 uda 3 hari lohh. Padahal pake layanan Nexday. Gmn ini,"
"https://twitter.com/eysaa_a,@DtysRanger @S_FloraJKT48 @anteraja_id Halah tadi ae ngetagnya chika jugaa... coba chk upload poto jg bebebnya nambah tu,"
"https://twitter.com/el_yurans,@anteraja_id https://t.co/4AhUOk4fXI,"
"https://twitter.com/Nelll_V,@anteraja_id Cdm,"
"https://twitter.com/DtysRanger,@S_FloraJKT48 @anteraja_id emng @eysaa_a peduli kan bebebku ğŸ‘ğŸ‘,"
"https://twitter.com/DtysRanger,""@S_FloraJKT48 Pake harapan flora ..., tapi dapet foto dari @anteraja_id di post ig cakep banget"","
"https://twitter.com/agathosune2,@anteraja_id Sekilas kukira nadila wkwkwk,"
"https://twitter.com/fadjarbtirta,@anteraja_id Cek dm min,"
"https://twitter.com/hellobijar,@anteraja_id Akhhhhhh floraaaaa,"
"https://twitter.com/HashfIzd_,@anteraja_id ğŸ™ğŸ™,"
"https://twitter.com/snwrmn,@anteraja_id Makasi min,"
"https://twitter.com/namakamuay,@anteraja_id @FloRisenID kapan ada photopack iniğŸ˜­,"
"https://twitter.com/Vangance_,@anteraja_id @MTaufikst48 Anter aja X Sungut Lele kapan mint,"
"https://twitter.com/bgs__kurniawan,""@anteraja_id lama banget woe pelayanan lu, udah pick up H+1 dari request, sekarang 24jam didiemin doang di airport kota asal, lelet kerjanya https://t.co/s1812pCihW"","
"https://twitter.com/tapioshinya1jkt,@anteraja_id ayang flora cakep betulllğŸ˜³,"
"https://twitter.com/berlianozt_,@anteraja_id ğŸ”¥,"
"https://twitter.com/anteraja_id,""Reply with a ğŸ”¥ and weâ€™ll give you kata-kata penyemangat puasa!Sebentar lagi berbuka nih ğŸ¤­"","
"https://twitter.com/dramdhan9,@anteraja_id woy paket gw dmn,"
"https://twitter.com/R_Hafidziin,@anteraja_id Oshi gw mna mint?,"
"https://twitter.com/berlianozt_,@anteraja_id Cantik banget,"
"https://twitter.com/L_SeptiChan,@anteraja_id Christy mana bang,"
"https://twitter.com/rivanisasi,@anteraja_id Thanks,"
"https://twitter.com/brnvll_,@anteraja_id lah ngepost2 cewe gua lu min,"
"https://twitter.com/Mom_ofmoon,@anteraja_id @piscvely @F_Astri17 Alhamdulillah terimakasih,"
"https://twitter.com/suciamaliaNd,@anteraja_id kenapa beberapa kali begini???? Dengan kendala yg sama. Helooo?? @anteraja_id  Adapa yaaa?? Ini baru 3 yg ku post. Kecewa asli https://t.co/j9BDOVrgGs,"
"https://twitter.com/FloRisenID,""@karimpangestu @ArieztAlwand @Tehidol @vvotanet @f10ves Coba ditanyakan ke seller @anteraja_id yang ada di Sukabumi kak, itu paketnya udah di tangan kurir nya"","
"https://twitter.com/semangat_yukkk,@anteraja_id Ini dia menu buka puasa hari ini ğŸ¥°ğŸ¥°ğŸ¥°ğŸ¥°ğŸ¥°,"
"https://twitter.com/HIBIKUN_,""@anteraja_id KYAAAAA FURORA CHWAAANNN ğŸ˜ ARIGATOUUU ANTERU-SAN ğŸ™"","
"https://twitter.com/bayuxpras,@anteraja_id Neng mplor ğŸ˜,"
"https://twitter.com/karimpangestu,@anteraja_id Min bgmna ini? Blm ada keterangan berlanjut hari ini https://t.co/C3Pq8SzUhp,"
"https://twitter.com/hanyaprantara,@anteraja_id Makasih admin ğŸ˜,"
"https://twitter.com/sendoknasdang,@anteraja_id FLOOOOOOOOOOOOOOOOOOOOOOOOOOO,"
"https://twitter.com/fatnaifs,@anteraja_id Peghh,"
"https://twitter.com/abebasudara,@anteraja_id pengen cubit dhh,"
"https://twitter.com/lydisinii,@anteraja_id Lucuuuu nyaa,"
"https://twitter.com/sirgilang90z,""@anteraja_id min, paket dengan resi 10006929031176 kok stuck di hub jakarta utara udah 2 hari? masa dari jakarta timur ke depok bisa sampe 3 hari lebih pake reguler minğŸ™„"","
"https://twitter.com/Zulkarnaen9115,""@anteraja_id mau dong kalo satria nya kek gini, auto nungguin depan pintu.."","
"https://twitter.com/fattahazzam98,@anteraja_id @AhmadRahardyan,"
"https://twitter.com/Oktaa_ASF,@anteraja_id hastag nya ademin tl min,"
"https://twitter.com/aggnah_,@anteraja_id @f10ves Buset buset ğŸ« ,"
"https://twitter.com/VicoErv,@anteraja_id cantik,"
"https://twitter.com/Zulkarnaen9115,""@anteraja_id SeringÂ² aja min upload yg ada Flora nya, soal y dia jarang pap ğŸ˜‡"","
"https://twitter.com/frpramudya,@anteraja_id Waini,"
"https://twitter.com/brokenardi1,""@anteraja_id @f10ves Tapi min, kok kemarin bukan mbak ini yg kirim paketnya."","
"https://twitter.com/dilgudil_,@anteraja_id adududuu,"
"https://twitter.com/andiano_dewata,@anteraja_id Free 2 shotnya kapan? ğŸ˜”â˜ï¸,"
"https://twitter.com/anteraja_id,@Zulkarnaen9115 https://t.co/sL5wTPYw6n,"
"https://twitter.com/darkcov3r,@anteraja_id @MTaufikst48 https://t.co/7xfC0yZeL5,"
"https://twitter.com/nabawisasi,""@anteraja_id BAIKNYA RAMADAN #PastiBagiHadiah #BaiknyaRamadan @Zaka_R17 @Zackersj @azackri"","
"https://twitter.com/anteraja_id,@wahyupeye https://t.co/hxZOYy6XHJ,"
"https://twitter.com/anteraja_id,@Tehidol https://t.co/wkK5Mwg1us,"
"https://twitter.com/anteraja_id,@Abet_424 https://t.co/sc3yjikQQ5,"
"https://twitter.com/anteraja_id,@arsaramadhani16 https://t.co/wH0In3jiKr,"
"https://twitter.com/anteraja_id,@f10ves https://t.co/BoCFQBLEeA,"
"https://twitter.com/BiskuitOreo,@anteraja_id Waini!!!?,"
"https://twitter.com/Zaka_R17,""@anteraja_id BAIKNYA RAMADAN #PastiBagiHadiah #BaiknyaRamadan @nabawisasi @andi_angler57 @woodeiy"","
"https://twitter.com/embunpatricia,Halo @anteraja_id tlong cek resi sya 10006930707622 in dr kebumen k jkrt emank lewat bantul ya???? https://t.co/5Oj2g5LouH,"
"https://twitter.com/f10ves,@anteraja_id Makasih makasih makasih miaw à¸…â ^â â€¢â ï»Œâ â€¢â ^â à¸… https://t.co/99onCbRyAU,"
"https://twitter.com/anteraja_id,@yunanalamsyah15 https://t.co/zxK4tKYFDP,"
"https://twitter.com/choliqilcham,""@AnterajaCare @anteraja_id min, cek dm"","
"https://twitter.com/anteraja_id,@bootemm https://t.co/DLwuj9vPjV,"
"https://twitter.com/aryabphe_,""@anteraja_id aman min tenang aja, oshi saya ituu wkwkw"","
"https://twitter.com/aryabphe_,@anteraja_id https://t.co/cvbFxX3rbu,"
"https://twitter.com/anteraja_id,@aryabphe_ https://t.co/d61hBBcstB,"
"https://twitter.com/anteraja_id,@MTaufikst48 https://t.co/Xj1wAIIkBC,"
"https://twitter.com/anteraja_id,@_28_Gi https://t.co/eedbbbMCYQ,"
"https://twitter.com/kamen_rezha,@anteraja_id @andiano_dewata,"
"https://twitter.com/anteraja_id,Free wallpaper âœŒï¸ https://t.co/JJz98ZDYJj,"
"https://twitter.com/F_Astri17,@anteraja_id Min udah di kirim ya DM nya,"
"https://twitter.com/anteraja_id,@ardiadriannn @Y_ChikaJKT48 @NAVY_INA ğŸ«¶,"
"https://twitter.com/anteraja_id,""Cek postingan terakhir di Instagram kita, siapa tau itu Oshi-mu ğŸ«¶âœŒï¸"","
"https://twitter.com/edysupri,""@anteraja_id 10006917928235 min ini ada notif paket akan direturn,ini bukan paket COD dan blm diantar kan"","
"https://twitter.com/sdgrlvmny_,lemot banget plis @anteraja_id https://t.co/zN74imEXUB,"
"https://twitter.com/katropolitan_,@anteraja_id Ekspedisi ini kalau order Sameday biasanya jadi entah kapan day!!,"
"https://twitter.com/VSunandah,""@anteraja_id hallo min, tlng baca dm ya"","
"https://twitter.com/framboze,""Min @anteraja_id @AnterajaCare , pengiriman pake Next Day, kenapa udah hari ke-3 belom sampe2? Ada kompensasinya ngga nih? Bayar NextDay dapetnya Reguler :("","
"https://twitter.com/depedevi,Paket uda 2 hari gak bergerak.. lagi puasa di pusat sortir ya @anteraja_id please deh.. gini nih kalo lupa klik ganti penganteran kalo belanja OL,"
"https://twitter.com/derangedtankie,""@anteraja_id dan @AnterajaCare tidak menanggapi proses refund ongkos kirim saya padahal sudah menyalahi twrm of service nya sendiri yang sampai pada tujuan maximum 10 jam, tapi sampai di keesokan harinya @anteraja_id bagaimana proses refund ongkir saya? kan kalian yg wanprestasi"","
"https://twitter.com/F_Astri17,@anteraja_id @piscvely @Mom_ofmoon Min sudah saya DM ya ğŸ™ @anteraja_id,"
"https://twitter.com/anteraja_id,""@A_ZeeJKT48 silahkan, mau ngirim paket ya? ğŸ˜™"","
"https://twitter.com/Kumikowin,@anteraja_id @piscvely @F_Astri17 @Mom_ofmoon Congrats semuanya,"
"https://twitter.com/F_Astri17,@anteraja_id @piscvely @Mom_ofmoon Terimakasih Mimin baik ğŸ™,"
"https://twitter.com/piscvely,Yeayyy thankyouu @anteraja_id ğŸ¥°,"
"https://twitter.com/anteraja_id,""GIVEAWAY CLOSEDğŸ¥³âœ¨ ğ’®ğ‘’ğ“ğ’¶ğ“‚ğ’¶ğ“‰ ğ“Šğ“ƒğ“‰ğ“Šğ“€: @piscvely @F_Astri17 @Mom_ofmoon Pemenang akan mendapatkan e-wallet masing-masing 100ribu!ğŸ’— Mohon tunggu DM dariku gesss~ğŸ˜‰"","
"https://twitter.com/BPoer94,""@anteraja_id BAIKNYA RAMADAN #PastiBagiHadiah #BaiknyaRamadan @piscvely @Zaka_R17 @Annajmussaaqib"","
"https://twitter.com/dwikiyuniko_,@C_OnielJKT48 @anteraja_id Kenapa Tweet ini tidak masuk ke notif ğŸ˜”,"
"https://twitter.com/AndickTri,""Paket sudah sampai lokasi sortir di Kediri dari tgl 26 Maret 2023 tapi belum ada update apapun sampai hari ini, kelanjutannya gimana ini?? @anteraja_id @AnterajaCare ğŸ‘ğŸ‘ğŸ‘ https://t.co/9WLDjZHOLB"","
"https://twitter.com/mayamaya2586,""@sourxsalt @anteraja_id Saya juga baru saja mengalami hal ini kak,sama sekali gaktau kalo ekspedisi ini bermasalah. Terus akhirnya barangnya sampai ke kakak gak? https://t.co/YDIq61zNIg"","
"https://twitter.com/vhienuna,""@anteraja_id Mending urusin paket gue yg muter2 di jaktim ga jelas sumpah,hampir 1 minggu muter2 aja kayak g tau jalan atau ga punya bensin"","
"https://twitter.com/Hananto_vkh,@stroberyswit @AnterajaCare @anteraja_id Parah bgt memang anteraja kurang amanah dan tidak profesional,"
"https://twitter.com/yourdawg_,@AnterajaCare @anteraja_id ini kalian emang ga bisa kasih penjelasan statusnya ya? https://t.co/rsNfOtsCYg,"
"https://twitter.com/vhienuna,""Sumpah ga jelas banget @anteraja_id @AnterajaCare  pengiriman dari tangerang ke jakarta selatan tp ga jelas muter2, di DM pun ga ada gunanya solusi cuma disuruh nunggu!!! Puasa2 bikin kesel https://t.co/ydyXo4UNW3"","
"https://twitter.com/mynameAray,""@anteraja_id min coba cek resi ini, ko dari kmren muter2 aja ni paket di gudang.. Hadehhh"","
"https://twitter.com/MilanoApril93,""@anteraja_id Baiknya Ramadan #PastiBagiHadiah #BaiknyaRamadan Ikutan yuk @n1arwinner @Sassygir88 @namelesscat_18"","
"https://twitter.com/ReivaldyAL,""@stroberyswit @AnterajaCare @anteraja_id Mampus lu diomelin, pacar w galak ğŸ¤£ğŸ¤£ğŸ¤£"","
"https://twitter.com/stroberyswit,""lama bgt ga nyampe2 paket w, tutup aja dah mending @AnterajaCare @anteraja_id https://t.co/sVrBRSEHzV"","
"https://twitter.com/DhakaW,""@anteraja_id mending rebranding jadi â€œanter kemana ajaâ€ jadi suka suka kurirnya mau nganter kemana, paket gue nyasar rumah org tp gatau rumah siapa, gimana nih? https://t.co/nxbo7xggy0"","
"https://twitter.com/Nelll_V,""@anteraja_id Halo kak, tolong dibantu untuk proses antar hari ini paket saya no resi 10006927789839 ya statusnya gagal kirim kemarin tp sampe sekarang blm di kirim lagi. Tolong antar hari ini karena paketnya untuk kado dan orgnya mau pulang nanti malem. Terima kasih"","
"https://twitter.com/andridiansyah6,kalian @anteraja_id masih niat nganter paket pelanggan nggak ?? gila lu yak sesama jakarta mau seminggu kaga di kirimÂ² .. amatir bgt lu jadi jasa pengiriman mending tutup aja ini jasa pengiriman asw lau @anteraja_id,"
"https://twitter.com/Hendhita_Dhita,""Pesen dari @ShopeeID pertama kali nyobain pake ekspedisi @anteraja_id ternyata separah ini..Barang dipick up kurir dri pembeli tgl 27 Maret 2023,tapi sampe tgl 30 Maret 2023,statusnya gak berubah..Ini barang saya dri dipick up,dibawa kemana ya?!komplain ke CS,belom dapet solusi https://t.co/rHkUGYu839"","
"https://twitter.com/Razessas,@A_ZeeJKT48 @anteraja_id ?,"
"https://twitter.com/weningdyah,@AnterajaCare @anteraja_id 10006915093636 dari tgl 25 sampe skrg belum sampe. bandung-jkt.. udah 2x delivery ditunda krn operasional.. kalo banyak masalah tutup aja woiii.. bener2 ngaco nih ekspedisi,"
"https://twitter.com/LeeKnowNose,@anteraja_id Ini saya diremehin ya? Paket saya gak di pick up selama 4 hari. Pembeli sampe muak marah2 sama saya. Ini niat kerja apa gak sih? Saya udah gak mau lagi pake jasanya kalau begini. Ekspedisi lain langsung pick up di hari itu juga. Pelayanan CS juga buruk sekali ya https://t.co/NaKA6lvSAZ,"
"https://twitter.com/AnuJadiGini,@S_GraciaJKT48 @anteraja_id baaguss donh respect with u,"
"https://twitter.com/maudykhair_,""ckckckck kenapa komennya dibatasi @anteraja_id @AnterajaCare ??? Ditelfon gak ada solusi, di WhatsApp yg jawab bot. Ini yang katanya team RESOLUSI pecat-pecatin aja orangnya kalo gak dapet-dapet solusi. Udah mau 2bulan dokumen perusahaan entah dimana gajelasğŸ¤£ https://t.co/BDK9B5GKBS"","
"https://twitter.com/maudykhair_,""@ndessyy @anteraja_id ekspedisi penghilang paket, jangan pake ekspedisi ini lagi kak. aku juga dokumen perushaaan entah dimana gak ada kejelasan udh mau 2 bulan"","
"https://twitter.com/maudykhair_,@A_FionyJKT48 @anteraja_id ekspedisi penghilang dokumen ckckckck gaada tanggungjawabnya juga,"
"https://twitter.com/anteraja_id,""@cutiecloudiey Hi Hepizen, maaf ya bikin kakak ga nyaman. FYI, mulai tgl 20 Feb 2023 untuk layanan @anteraja_id beralih ke @AnterajaCare. Untuk itu kakak bisa DM akun AnterajaCare agar bisa langsung kami tindaklanjuti kendalanya ya kak. Happy Fasting #BaiknyaRamadan. Thx :) ^MDAS"","
"https://twitter.com/emmmhuuu,@A_ZeeJKT48 @anteraja_id aku kira iklan lagi hahahah,"
"https://twitter.com/emmmhuuu,@A_ZeeJKT48 makanya pake  @anteraja_id  hahaha,"
"https://twitter.com/hvmanic,@anteraja_id @AnterajaCare cek dm ya @AnterajaCare,"
"https://twitter.com/cutiecloudiey,@anteraja_id paket saya ada yg blm di pick up dari tanggal 27,"
"https://twitter.com/derangedtankie,""@anteraja_id @AnterajaCare gue tinggal di jatinegara, kordinat di gambar bukti penerimaan MATRAMAAAAN https://t.co/OVlUdVwLcQ"","
"https://twitter.com/derangedtankie,""@anteraja_id @AnterajaCare fuck your customer service, kagak bales dm gue, whatsapp juga ngga di respon, nomor telepon cs lo!? ngga aktiffff tutup aja perusahaan lo"","
"https://twitter.com/anteraja_id,""@Hananto_vkh Hi Kak Hananto, maaf ya bikin kakak ga nyaman. FYI, mulai tgl 20 Feb 2023 untuk layanan @anteraja_id beralih ke @AnterajaCare. Untuk itu kakak bisa DM akun AnterajaCare agar bisa langsung kami tindaklanjuti kendalanya ya kak. Happy Fasting #BaiknyaRamadan. Thx :) ^MDAS"","
"https://twitter.com/anteraja_id,""@ndessyy Hi Kak Dessy, maaf ya bikin kakak ga nyaman. FYI, mulai tgl 20 Feb 2023 untuk layanan @anteraja_id beralih ke @AnterajaCare. Untuk itu kakak bisa DM akun AnterajaCare agar bisa langsung kami tindaklanjuti kendalanya ya kak. Happy Fasting #BaiknyaRamadan. Thx :) ^MDAS"","
"https://twitter.com/anteraja_id,""@sansidenttite Hi Hepizen, maaf ya bikin kakak ga nyaman. FYI, mulai tgl 20 Feb 2023 untuk layanan @anteraja_id beralih ke @AnterajaCare. Untuk itu kakak bisa DM akun AnterajaCare agar bisa langsung kami tindaklanjuti kendalanya ya kak. Happy Fasting #BaiknyaRamadan. Thx :) ^MDAS"","
"https://twitter.com/anteraja_id,""@ujayyy_yy @AnterajaCare Hi Hepizen, maaf ya bikin kakak ga nyaman. FYI, mulai tgl 20 Feb 2023 untuk layanan @anteraja_id beralih ke @AnterajaCare. Untuk itu kakak bisa DM akun AnterajaCare agar bisa langsung kami tindaklanjuti kendalanya ya kak. Happy Fasting #BaiknyaRamadan. Thx :) ^MDAS"","
"https://twitter.com/anteraja_id,""@TokoNatan Hi Hepizen, maaf ya bikin kakak ga nyaman. FYI, mulai tgl 20 Feb 2023 untuk layanan @anteraja_id beralih ke @AnterajaCare. Untuk itu kakak bisa DM akun AnterajaCare agar bisa langsung kami tindaklanjuti kendalanya ya kak. Happy Fasting #BaiknyaRamadan. Thx :) ^MDAS"","
"https://twitter.com/senoparty_,@anteraja_id @AnterajaCare udh gua chat anjir,"
"https://twitter.com/anteraja_id,""@senoparty_ Hi Hepizen, maaf ya bikin kakak ga nyaman. FYI, mulai tgl 20 Feb 2023 untuk layanan @anteraja_id beralih ke @AnterajaCare. Untuk itu kakak bisa DM akun AnterajaCare agar bisa langsung kami tindaklanjuti kendalanya ya kak. Happy Fasting #BaiknyaRamadan. Thx :) ^MDAS"","
"https://twitter.com/anteraja_id,""@derangedtankie Hi Hepizen, maaf ya bikin kakak ga nyaman. FYI, mulai tgl 20 Feb 2023 untuk layanan @anteraja_id beralih ke @AnterajaCare. Untuk itu kakak bisa DM akun AnterajaCare agar bisa langsung kami tindaklanjuti kendalanya ya kak. Happy Fasting #BaiknyaRamadan. Thx :) ^MDAS"","
"https://twitter.com/anteraja_id,""@dailynthlie Hi Kak Natha, maaf ya bikin kakak ga nyaman. FYI, mulai tgl 20 Feb 2023 untuk layanan @anteraja_id beralih ke @AnterajaCare. Untuk itu kakak bisa DM akun AnterajaCare agar bisa langsung kami tindaklanjuti kendalanya ya kak. Happy Fasting #BaiknyaRamadan. Thx :) ^MDAS"","
"https://twitter.com/anteraja_id,""@senoparty_ Hi Hepizen, maaf ya bikin kakak ga nyaman. FYI, mulai tgl 20 Feb 2023 untuk layanan @anteraja_id beralih ke @AnterajaCare. Untuk itu kakak bisa DM akun AnterajaCare agar bisa langsung kami tindaklanjuti kendalanya ya kak. Happy Fasting #BaiknyaRamadan. Thx :) ^MDAS"","
"https://twitter.com/anteraja_id,""@IMFSHL Hi Kak Irfan, maaf ya bikin kakak ga nyaman. FYI, mulai tgl 20 Feb 2023 untuk layanan @anteraja_id beralih ke @AnterajaCare. Untuk itu kakak bisa DM akun AnterajaCare agar bisa langsung kami tindaklanjuti kendalanya ya kak. Happy Fasting #BaiknyaRamadan. Thx :) ^MDAS"","
"https://twitter.com/anteraja_id,""@chococreamxake Hi Hepizen, maaf ya bikin kakak ga nyaman. FYI, mulai tgl 20 Feb 2023 untuk layanan @anteraja_id beralih ke @AnterajaCare. Untuk itu kakak bisa DM akun AnterajaCare agar bisa langsung kami tindaklanjuti kendalanya ya kak. Happy Fasting #BaiknyaRamadan. Thx :) ^MDAS"","
"https://twitter.com/anteraja_id,""@Tonay_Hawk Hi Hepizen, maaf ya bikin kakak ga nyaman. FYI, mulai tgl 20 Feb 2023 untuk layanan @anteraja_id beralih ke @AnterajaCare. Untuk itu kakak bisa DM akun AnterajaCare agar bisa langsung kami tindaklanjuti kendalanya ya kak. Happy Fasting #BaiknyaRamadan. Thx :) ^MDAS"","
"https://twitter.com/anteraja_id,""@hvmanic Hi Hepizen, maaf ya bikin kakak ga nyaman. FYI, mulai tgl 20 Feb 2023 untuk layanan @anteraja_id beralih ke @AnterajaCare. Untuk itu kakak bisa DM akun AnterajaCare agar bisa langsung kami tindaklanjuti kendalanya ya kak. Happy Fasting #BaiknyaRamadan. Thx :) ^MDAS"","
"https://twitter.com/Hananto_vkh,""@anteraja_id Dari Rabu pagi sekali sampai hari ini sudah 2 hari di SD terakhir (Pondok Bambu) tidak/belum diantar juga, kenapa tidak bisa amanah/profesional? Saya sudah sering sekali mengalami hal buruk dgn anteraja SPT barang hilang, tertukar, salah alamat dll. 10006917893694"","
"https://twitter.com/nansati,""@TokopediaCare min @TokopediaCare  itu @anteraja_id @AnterajaCare nya di tegur dong ... menurut seller tempat saya beli barang, anteraja sudah sering mangkir kalau sameday. Orang kan pilih sameday karena ingin kepastian sampai ğŸ˜¡"","
"https://twitter.com/danawallet,""@ndessyy @anteraja_id Yu ceritain keluhan kamu via DM, mohon informasikan juga ya nomor ticket kamu guna mempercepat penangangan... Terima Kasih"","
"https://twitter.com/danawallet,""@ndessyy @anteraja_id Live Chat siap bantu keluhan transaksi kamu: Buka app DANA, pilih History/Riwayat,  pilih transaksi yg mau dilaporin dan pilih CHAT."","
"https://twitter.com/ndessyy,Semua tdk bisa dihubungi baik pihak penjual https://t.co/Bjvjzy7DmO @danawallet ataupun pihak @anteraja_id selaku ekspedisi,"
"https://twitter.com/ndessyy,Coba cek di @anteraja_id tdk ada respon. Dan barang belum di pickup tertera kendala internal https://t.co/mp29Dw2obr,"
"https://twitter.com/bismilah_menang,""@anteraja_id BAIKNYA RAMADAN @DePoliglote @Jobriik @RaniKancana #PastiBagiHadiah #BaiknyaRamadan"","
"https://twitter.com/cupcakeeyys,""@heelation @anteraja_id Aku udah dm ke anteraja nya terus dibantu cek, Alhamdulillah udah sampe kakk"","
"https://twitter.com/sansidenttite,""@anteraja_id halo min, ini pickup paket udah lewat estimasi"","
"https://twitter.com/ujayyy_yy,@anteraja_id  @AnterajaCare ini tuhhh gimana dari kemarin tertunda mulu karena masalah operasional https://t.co/5aUrdbUm7B,"
"https://twitter.com/TokoNatan,""@anteraja_id Tolong dibantu paket dengan resi 10006921618539 Saya butuh buat siang ini, paketan ke Tangerang malah dikirim ke Bogor. Terus ini ke Tangerang lagi. ğŸ˜‚"","
"https://twitter.com/senoparty_,cs @anteraja_id pd sibuk smua keknya ngelayangin smua org yg komplain krn paketnya kaga sampe sampe bangsat,"
"https://twitter.com/derangedtankie,""barang belom gue terima, udah ngibul aja, gue terima barang, mana difoto seclose up mungkin, lantai rumah nya bukan lantai rumha gue tuh, ataupun tetangga2 gue @anteraja_id barang gue mana nyet????"","
"https://twitter.com/derangedtankie,""@anteraja_id karyawan lo dididik dong kalo ngga sanggup menuhin layanan, jangan ngibul biar kesannya menuhin target"","
"https://twitter.com/dailynthlie,""@anteraja_id ini teh gimana anjr, udh seminggu paket gue ga sampe sampe, gajelas banget https://t.co/6s5SxeuwjZ"","
"https://twitter.com/senoparty_,""knp si paket @anteraja_id slalu didiemin di gudang lama bgt anjing kesel bs ampe 2 hari lebih, pdhl ekspedisi lain ga gini"","
"https://twitter.com/IMFSHL,""Hallo min, ini kenapa ya pesanan sebelumnya udah sampai di Jakarta timur, tapi kenapa balik lg ke Semarang ya? @anteraja_id https://t.co/KUqEGHlD7A"","
"https://twitter.com/chococreamxake,@anteraja_id tolong dong ini paket saya kapan di-pick up? Harusnya dari kemarin jam 18.00,"
"https://twitter.com/Tonay_Hawk,""@anteraja_id ini 10006932902443 barangnya ilang ia.? 2 hari tuh barang mandek bae kaga otw otw lagi https://t.co/1p4fquxrkR"","
"https://twitter.com/fahriajaoke,@S_AshelJKT48 @anteraja_id https://t.co/UkEJQLPJut,"
"https://twitter.com/heelation,@maungngomul @anteraja_id tulisannya apa kak? paketnga udah sampe mana?,"
"https://twitter.com/anteraja_id,""@tidurmulu Hi Hepizen, maaf ya bikin kakak ga nyaman. FYI, mulai tgl 20 Feb 2023 untuk layanan @anteraja_id beralih ke @AnterajaCare. Untuk itu kakak bisa DM akun AnterajaCare agar bisa langsung kami tindaklanjuti kendalanya ya kak. Happy Fasting #BaiknyaRamadan. Thx :) ^MDAS"","
"https://twitter.com/anteraja_id,""@alfiranovitaa Hi Kak Alfira, maaf ya bikin kakak ga nyaman. FYI, mulai tgl 20 Feb 2023 untuk layanan @anteraja_id beralih ke @AnterajaCare. Untuk itu kakak bisa DM akun AnterajaCare agar bisa langsung kami tindaklanjuti kendalanya ya kak. Happy Fasting #BaiknyaRamadan. Thx :) ^MDAS"","
"https://twitter.com/anteraja_id,""@alfiranovitaa Hi Kak Alfira, maaf ya bikin kakak ga nyaman. FYI, mulai tgl 20 Feb 2023 untuk layanan @anteraja_id beralih ke @AnterajaCare. Untuk itu kakak bisa DM akun AnterajaCare agar bisa langsung kami tindaklanjuti kendalanya ya kak. Happy Fasting #BaiknyaRamadan. Thx :) ^MDAS"","
"https://twitter.com/anteraja_id,""@haehaehaechanz @AnterajaCare Hi Kak Alisa, maaf ya bikin kakak ga nyaman. FYI, mulai tgl 20 Feb 2023 untuk layanan @anteraja_id beralih ke @AnterajaCare. Untuk itu kakak bisa DM akun AnterajaCare agar bisa langsung kami tindaklanjuti kendalanya ya kak. Happy Fasting #BaiknyaRamadan. Thx :) ^MDAS"","
"https://twitter.com/anteraja_id,""@whateveritakez Hi Hepizen, maaf ya bikin kakak ga nyaman. FYI, mulai tgl 20 Feb 2023 untuk layanan @anteraja_id beralih ke @AnterajaCare. Untuk itu kakak bisa DM akun AnterajaCare agar bisa langsung kami tindaklanjuti kendalanya ya kak. Happy Fasting #BaiknyaRamadan. Thx :) ^MDAS"","
"https://twitter.com/sahara78812,@S_AshelJKT48 @anteraja_id Oke cell,"
"https://twitter.com/sahara78812,@S_AshelJKT48 @anteraja_id Oke min,"
"https://twitter.com/maungngomul,@heelation @anteraja_id masih belom sampe hingga saat ini kakğŸ˜ğŸ˜,"
"https://twitter.com/whateveritakez,@anteraja_id rute pengirimannya selalu di luar nalar ğŸ˜Œ https://t.co/TgUJOIuaPC,"
"https://twitter.com/haehaehaechanz,""Estimasi sampe besok loh, tp masi stuck gini. Ampun deh anteraja ğŸ™‚ @anteraja_id @AnterajaCare https://t.co/1tkQ18FDnX"","
"https://twitter.com/saefudindwi_p,""@L_MarshaJKT48 @anteraja_id Maeng mah puasa paskah,bukan puasa ramadan"","
"https://twitter.com/Muhamma18988894,""@S_AshelJKT48 @anteraja_id Yaa yang semangat puasanya biar nyampai buka sorenya, maaf yaa"","
"https://twitter.com/R_Hafidziin,@anteraja_id #TimDibanguninEmak ğŸ˜ƒ,"
"https://twitter.com/Indmulyani1,""@anteraja_id min, resi 10006918829469 kok lambat yaa, beberapa kali stuck gak gerak posisinya, tlong min"","
"https://twitter.com/hvmanic,hai @anteraja_id kindly check your dm yaa,"
"https://twitter.com/woodeiy,""@anteraja_id BAIKNYA RAMADAN Yuk ikutan @LiiaMonday @andi_angler57 @BPoer94 #PastiBagiHadiah #BaiknyaRamadan"","
"https://twitter.com/anteraja_id,""Siapa yang gini juga? Ngaku! #BaiknyaRamadan https://t.co/60RUOlGif8"","
"https://twitter.com/8430BAM,@anteraja_id @AnterajaCare ko masi stuck ka sampe sekarang? padahal estimasi sampe hari ini https://t.co/S0gcQYXvqR,"
"https://twitter.com/slmanahwa_,""@anteraja_id baiknya ramadan, pake @anteraja_id  pasti lebih baikğŸ«¶ @embosindo @inicakrabeneran @billieeilish"","
"https://twitter.com/yagadigi,""@anteraja_id Baiknya Ramadan. Yuk ikutan @anakRamze @aaaantonnn86 @linohensem #PastiBagiHadiah #BaiknyaRamadan"","
"https://twitter.com/haijjaee,""@sbtcon Jgn refund sih nder. Soalnya km juga untung paking berapa sih nder sebagai admin go, paling cuma 5-10k kan. Apalagi ini barang nya emg udah di beliin bener bener. Apa ga rugi klo mau refund, km dapet duit engga rugi malah iya  btw @anteraja_id gimana nih, selesai in yg bener dong"","
"https://twitter.com/heelation,@maungngomul @anteraja_id mjb kak nemu di search ban. ini paket kakak gmn kabarnya ya? soalnya paketku kayak gini jg ğŸ˜­,"
"https://twitter.com/heelation,@cupcakeeyys @anteraja_id mjb kak nemu di search ban. ini paket kakak gmn kabarnya ya? soalnya paketku kayak gini jg ğŸ˜­,"
"https://twitter.com/heelation,@pengusahabtc @anteraja_id mjb kak nemu di search ban. ini paket kakak gmn kabarnya ya? soalnya paketku kayak gini jg ğŸ˜­,"
"https://twitter.com/H4nZ83,@anteraja_id @Farid021220 Template basa basi busuk,"
"https://twitter.com/tidurmulu,""@anteraja_id lu bobrok bgt asli mending tutup aja gajelas bgt,paket ngestuck disitu2 aja,tlp call center gabisa,di wa jg yg bales bot,email ga dibales,ini karyawan sm kurirnya kerja ga si,tutup aja mending,kalo ganiat mah fakyu"","
"https://twitter.com/saefudindwi_p,""@idextratime Tanggapan @anteraja_id gimana nih,gagal nih kita ke stadion sambil bawa PC Anteraja X JKT48"","
"https://twitter.com/anteraja_id,@idextratime https://t.co/oeA6S6HS8e,"
"https://twitter.com/devirakhmawati,@anteraja_id aplikasi kamu lg error !?,"
"https://twitter.com/yasminfdhla__,Ngga @anteraja_id @AnterajaCare  ngga @jntexpressid sama sama BABI LU SEMUA,"
"https://twitter.com/COVID_DELTA19,""Dan terjadi lagi, firasat gw ga salah pake ni ekspedisi. Pilih product SD malah molor. Kapok-kapok dah... @anteraja_id @TokopediaCare @YLKI_ID https://t.co/cCRyb4WEZV"","
"https://twitter.com/lovesforyu,@S_AshelJKT48 @anteraja_id esemgeteeeeee kalian!,"
"https://twitter.com/MilenCyrus_,""@anteraja_id BAIKNYA RAMADAN @nyoehh @Mancah_ @eries_prima #PastiBagiHadiah #BaiknyaRamadan"","
"https://twitter.com/Ikzi_,""@anteraja_id BAIKNYA RAMADAN @nihayafatah @nyoehh @IJaising #PastiBagiHadiah #BaiknyaRamadan"","
"https://twitter.com/COVID_DELTA19,@Iqbalamsyahh @anteraja_id Ga usah heran dengan brand yang ini.,"
"https://twitter.com/eries_prima,""@anteraja_id BAIKNYA RAMADAN @muhammadnurpala @Pikacut_ @tdyavert #PastiBagiHadiah #BaiknyaRamadan"","
"https://twitter.com/Mancah_,""@anteraja_id BAIKNYA RAMADAN @agilriego @Jsetya_ @manihnih #PastiBagiHadiah #BaiknyaRamadan"","
"https://twitter.com/Bintangprtm7,@kaambing Ya kalo sampe keteteran harusnya demand naik dong. Yakali demand naik tp gk ada eskalasi nambah karyawan ğŸ˜ coba dah jawab @anteraja_id,"
"https://twitter.com/jnxnaufal,""@anteraja_id Innovative juga nih perlu ditiru kurir lain. Penjual dan pembeli di Kota yang sama tapi dikirim ke Jakarta untuk dikirim balik ke Kota awal.Mantap, moga sukses selaluuuu https://t.co/HpwecxH2t9"","
"https://twitter.com/Pikacut_,""@anteraja_id BAIKNYA RAMADAN @nihayafatah @Jsetya_ @Mancah_ #PastiBagiHadiah #BaiknyaRamadan"","
"https://twitter.com/intanps21,@sbtcon @anteraja_id the bestğŸ«¶ğŸ»ğŸ«¶ğŸ»,"
"https://twitter.com/Kumikowin,@anteraja_id BAIKNYA RAMADAN @dewalova_ieiend @AstrianiRahmaw3 @LWulandadi  #PastiBagiHadiah #BaiknyaRamadan,"
"https://twitter.com/Ngurah_Siniwi,@anteraja_id eh ini gimana kebiasaan bgt ga pickup barang https://t.co/lNfES9AfPy,"
"https://twitter.com/rizkyarum92,""@anteraja_id Jawaban : Baiknya Ramadan #PastiBagiHadiah #BaiknyaRamadan @sumantribudi11 @Saepuloh_90 @itarafrk"","
"https://twitter.com/ineffableive,@anteraja_id check dm minn,"
"https://twitter.com/berlianozt_,""@anteraja_id Baiknya Ramadan @Baswara_jl @ryhnfdlh @Lutfiahmd04 #PastiBagiHadiah #BaiknyaRamadan"","
"https://twitter.com/anteraja_id,@Freya_JKT48 Kak Freyaaa ğŸ‘‹ğŸ‘‹ğŸ‘‹ğŸ«¶ğŸ«¶ğŸ«¶,"
"https://twitter.com/wtharugf,@anteraja_id tolong respon nya kak,"
"https://twitter.com/cellinejeanne,""tolong penanganannya. kl datengnya next day percuma dong pesen same day @anteraja_id @AnterajaCare @tokopedia @TokopediaCare https://t.co/vUrlEhMfOD"","
"https://twitter.com/wtharugf,@anteraja_id halo min ini udah muncul resi dan tinggal nunggu pick up tapi belom ada yg pick up sampe sekarangg https://t.co/3Fkl3NmTyz,"
"https://twitter.com/sebastyan_hp,""@anteraja_id BAIKNYA RAMADAN @acu_nurhidayat @indradi_dian @STblg #PastiBagiHadiah #BaiknyaRamadan"","
"https://twitter.com/sebastyan_hp,""@anteraja_id BAIKNYA RAMADAN @acu_nurhidayat @indradi_dian @STblg #PastiBagiHadiah #BaiknyaRamadan"","
"https://twitter.com/RinRin82779740,""@anteraja_id Jawabannya : BAIKNYA RAMADHAN #PastiBagiHadiah #BaiknyaRamadhan @Lasemi_Bue_AL  @rizkyarum92 @NuraidaOrizah"","
"https://twitter.com/haehaehaechanz,@AnterajaCare @anteraja_id,"
"https://twitter.com/ashelucu,@S_AshelJKT48 @anteraja_id iyah,"
"https://twitter.com/TriW1212,@anteraja_id @A_FionyJKT48 Itu segel ninjutsu.. Mau kuchiyose kek nya cepio,"
"https://twitter.com/maungngomul,@MrIchss @anteraja_id blangsak emang bangğŸ˜£ğŸ˜£ğŸ˜£ @AnterajaCare,"
"https://twitter.com/mfadhild,Bener bener ya  @anteraja_id @AnterajaCare paket nyampe udah dibuka dan labelnya robek begini https://t.co/unQUchTtzy,"
"https://twitter.com/ZaidAbil,""@anteraja_id Baiknya Ramadhan #PastiBagiHadiah #BaiknyaRamadan @DimasDizzy @Dwiantsaa  @AimannnnD"","
"https://twitter.com/chkagung,@S_AshelJKT48 @anteraja_id Semangat,"
"https://twitter.com/Marjun29_,""@anteraja_id Baiknya Ramadan @derinps_ @azilicorn @yadhoot #PastiBagiHadiah #BaiknyaRamadan"","
"https://twitter.com/ChandraaFelixx,""@anteraja_id Bikenya Ramadan = Baiknya Ramadan @dickyyendri_ @AlundraShaputra @faristw #PastiBagiHadiah #BaiknyaRamadan"","
"https://twitter.com/Zetyo_pambudi7,@anteraja_id Baiknya Ramadan #PastiBagiHadiah #BaiknyaRamadan @AlvianB48 @_Putriii_A @_sherlinams,"
"https://twitter.com/anteraja_id,""Hanya 1 dari 100 orang yang ngerti ini ğŸ¤­ Langsung cek Tiktoknya Anteraja deh, dijamin bakal ter ngik-ngik nontonin Drama Komplek Rempong! ğŸ¤ª Lihat di mari ğŸ‘‡ https://t.co/tFxBCIc2iR https://t.co/a7aTJgoDvJ"","
"https://twitter.com/groovebeer,@S_AshelJKT48 @anteraja_id Iya iyaaâ¤ï¸,"
"https://twitter.com/ara0210_,""@anteraja_id Baiknya Ramadhan #PastiBagiHadiah #BaiknyaRamadan @dimpleschewy @ruiruichi @maul__arfan"","
"https://twitter.com/achuan_nita,@anteraja_id bagaimana ini paket ku salah alamat lagi yang di kirim tolong baca dm ku . kurir kalau gak bisa dan gak paham alamat jangan di jadikan kurir paket,"
"https://twitter.com/ara0210_,""@anteraja_id Baiknya Ramadhan #PastiBagiHadiah #BaiknyaRamadan @Zetyo_pambudi7 @mailxsss @shrtbreak_"","
"https://twitter.com/clabbii,""Baru kali ini super bermasalah sama ekspedisi, dan ekspedisi ini bener2 ga bertanggung jawab alias kabur setelah menghilangkan barang gue. Semua akses ke cs juga ga membuahkan hasil. Claim juga no progress. Enaknya di report kemana ya? @anteraja_id"","
"https://twitter.com/imanalfa2,""Paket dr tgl 28-3-23 ga gerak"""" 10006929276313 @anteraja_id"","
"https://twitter.com/emputthy,""@anteraja_id jawabannya Bikenya Ramadan alias Baiknya Ramadan. yu ikutan @ditahnfh_ @_titik2d_ @fauznmzkki #PastiBagiHadiah #BaiknyaRamadan"","
"https://twitter.com/diohkmtyr_,""@anteraja_id Baiknya Ramadan #PastiBagiHadiah #BaiknyaRamadan @Tedyan97 @vdybntang @Rovik_kun"","
"https://twitter.com/ndyycuyyyy,@S_AshelJKT48 @anteraja_id siapp ka ashell,"
"https://twitter.com/derinps_,""@anteraja_id Baiknya Ramadan #PastiBagiHadiah #BaiknyaRamadan Yuk ikutan @ghiri_ngawi @Marjun29_ @Annajmussaaqib"","
"https://twitter.com/trtagstio,@S_AshelJKT48 @anteraja_id oke cel,"
"https://twitter.com/anteraja_id,@A_FionyJKT48 artinya apa ce? ajarin gerakan tangannya dong,"
"https://twitter.com/hwang_ijey,@anteraja_id woooiiiii paket guee seminggu ga nyampeâ€ pdhal sesama jabar dan udh nyampe kota tujuan dari 5 hari yg lalu!!,"
"https://twitter.com/meilinaist,""@anteraja_id Baiknya Ramadan #PastiBagiHadiah #BaiknyaRamadan Guys ikutan yuk @ghiri_ngawi @ayuniadesty @derinps_"","
"https://twitter.com/anteraja_id,@txtdarikostan kulkas kost ğŸ¤ kulkas kantor,"
"https://twitter.com/lovlydyn,@S_AshelJKT48 @anteraja_id shappp sayangkuğŸ˜‹,"
"https://twitter.com/rosari1099,""@anteraja_id Baiknya Ramadan #PastiBagiHadiah #BaiknyaRamadan Yuk ikutan kuisnya dari @anteraja_id  sekarang juga guys ! @nipannnm @AmeliaAja18 @nand__ Semoga kita beruntung ygy Amin ğŸ™ğŸ»ğŸ˜‡ https://t.co/YXgepE0jKg"","
"https://twitter.com/IvansyahAlif,""@anteraja_id Baiknya Ramadhan Bang ikutan bang  @azigandazoy @Ernandy_M @ade_setiono13 #PastiBagiHadiah #BaiknyaRamadan"","
"https://twitter.com/Doaibu87,""@anteraja_id Baiknya Ramadhan #PastiBagiHadiah #BaiknyaRamadan @raditzdj @itsme_genk @azzamimaduddin_"","
"https://twitter.com/nepptunuzz_,@AnterajaCare @anteraja_id,"
"https://twitter.com/nrmlpi,@yournaladhipa @S_AshelJKT48 @anteraja_id pukulin aja satu persatu ki,"
"https://twitter.com/anteraja_id,@S_AshelJKT48 Hai Acelll ğŸ«¶ https://t.co/cwdoXkAGKr,"
"https://twitter.com/yasminfdhla__,Tolong pickup paket saya cepat! :3? 2; sudah dua hari di rumah ngga keambil @anteraja_id @jntexpressid @JNE_ID,"
"https://twitter.com/tyapradistya,@S_AshelJKT48 @anteraja_id iyh,"
"https://twitter.com/hansonnn_p,""@anteraja_id Baiknya ramadan @namaakunnyaawan @IvansyahAlif @ade_setiono13 #PastiBagiHadiah #BaiknyaRamadan"","
"https://twitter.com/DimasDizzy,""@anteraja_id Baiknya Ramadhan #PastiBagiHadiah #BaiknyaRamadan @Dwiantsaa @ZaidAbil @AimannnnD buat THR"","
"https://twitter.com/zoeldyik,""@anteraja_id asal kata BIKENYA RAMADAN Jadi """"BAIKNYA RAMADAN"""" Ikutan yuk gaes! @KaWeBe_7 @velma_inc @abdulrohim3560 #PastiBagiHadiah #BaiknyaRamadan https://t.co/mQA6hNzcFs"","
"https://twitter.com/ditahnfh_,""@anteraja_id jawabanya Baiknya Ramadan #PastiBagiHadiah #BaiknyaRamadan yuk pada ikutan @ItsGiii_ @cmllaryder05 @emputthy"","
"https://twitter.com/fauznmzkki,""@anteraja_id Jawabannya yaitu Baiknya Ramadan Gas lah ikutan @emputthy @ditahnfh_ @japaaarr #PastiBagiHadiah #BaiknyaRamadan"","
"https://twitter.com/yournaladhipa,""@S_AshelJKT48 @anteraja_id ini lg jaga kata2 si, liat jalanan yg macet"","
"https://twitter.com/radforddavis2,""@anteraja_id BAIKNYA RAMADAN Yuk ikutan @GantengAnggit1 @RadenAllim @afandy_mer #PastiBagiHadiah #BaiknyaRamadan"","
"https://twitter.com/afandy_mer,""@anteraja_id Baiknya Ramadan @gung_gung_gung_ @Siyam2022 @jumro19 #PastiBagiHadiah #BaiknyaRamadan"","
"https://twitter.com/AniYantii,""@anteraja_id BAIKNYA RAMADAN,Pake @anteraja_id Pasti Lebih BaikğŸ˜ @airmineralalami @blhbloh @dxxyyah_  #PastiBagiHadiah #BaiknyaRamadan"","
"https://twitter.com/Machalate02,@S_AshelJKT48 @anteraja_id Kamu juga semangat puasanya,"
"https://twitter.com/pal4kotak,""@anteraja_id baiknya ramadan @flamingoozz @ridwan_hakimm @arfiyndk_ #PastiBagiHadiah #BaiknyaRamadan"","
"https://twitter.com/keziabanne07,@anteraja_id Baiknya Ramadan @clrbrgt @izmiiiw @Ahmad_S_21_  #PastiBagiHadiah #BaiknyaRamadan,"
"https://twitter.com/senoparty_,""terkahir kali deh pake @anteraja_id gila lamanya ga ngotak, emng paling bnr kalo mau paket sampe tu pake @sicepat_ekspres"","
"https://twitter.com/finnaapril,""@anteraja_id Baiknya Ramadan pake @anteraja_id pasti lebih baikğŸ«¶ @FnsnyZee @Dahlahhh15 @compactaa #PastiBagiHadiah #BaiknyaRamadan"","
"https://twitter.com/dandeell15_,""@anteraja_id Baiknya Ramadan @aderzkasptra @ArnotSykes @Dwiiwayy #PastiBagiHadiah #BaiknyaRamadan"","
"https://twitter.com/bangoyan25_,@anteraja_id BAIKNYA RAMADAN pake @anteraja_id @urkyje @mrhnag @tassynp #BaiknyaRamadan #PastiBagiHadiah,"
"https://twitter.com/widiya_ylynaa,""@anteraja_id 1.baiknya ramadhan 2.@budibongg @__grcshn @dersimaulida Sabi ikutan hhe 3. #PastiBagiHadiah #BaiknyaRamadan"","
"https://twitter.com/rosen_ocen,""@anteraja_id Baiknya Ramadan #PastiBagiHadiah #BaiknyaRamadan Yuk kita ikutan teman sekarang juga @bocah_emo @EricCrow_ @ekasunaryo18"","
"https://twitter.com/Andreformchoice,@S_AshelJKT48 @anteraja_id aku suka berkata anjuy kalo lagi dijalan,"
"https://twitter.com/Cholifatulimel2,@S_AshelJKT48 @anteraja_id Siap min,"
"https://twitter.com/Lindaagustin_08,""@anteraja_id (Bike)Baiknya Ramadhan  Yuk guys ikutan @DinoKuning12 @Sitikhafifahh @eez_bukandino #PastiBagiHadiah #BaiknyaRamadan Semoga keberuntungan memihak kepada kita ğŸ™‚Aamiin ğŸ¤²"","
"https://twitter.com/RosesGan,""@S_AshelJKT48 @anteraja_id Siap cel. Thanks remindernya, meskipun iklan wkwkwk"","
"https://twitter.com/bayri__,""Capek ih nunggu paketan datang. Gmn cara sortir olshop di @ShopeeID  yg pake jasa @anteraja_id ? Supaya bisa di skip. Males bgt gitu lamaaaaa nyampe nya, muter2 dulu. Males urusan lg sama ekspedisi ini. Terakhir sampe ambil langsung ke gudangnya ğŸ˜‘"","
"https://twitter.com/Kakyo20554133,@S_AshelJKT48 @anteraja_id Jgn bohong pkk ny ğŸ˜Š https://t.co/L7ne92fxNF,"
"https://twitter.com/Dwiantsaa,""@anteraja_id Baiknya Ramadhan #PastiBagiHadiah #BaiknyaRamadan @DimasDizzy @ZaidAbil @AimannnnD buat modal"","
"https://twitter.com/harrysakaF,@S_AshelJKT48 @anteraja_id Pap penyemangat puasa dong,"
"https://twitter.com/Ence_mad5,@anteraja_id Baiknya Ramadhan @mkdafi21_ @bangoyan25_ @CupangNyChristy   #PastiBagiHadiah #BaiknyaRamadan,"
"https://twitter.com/suargoradityo,@S_AshelJKT48 @anteraja_id Semangat...âœŠï¸ https://t.co/O3UrNr6cIk,"
"https://twitter.com/duzafik_46,@S_AshelJKT48 @anteraja_id Masya allah ashelyah ğŸ™,"
"https://twitter.com/HildanEfendi10,@S_AshelJKT48 @anteraja_id Siap,"
"https://twitter.com/ridooetoro1,""@anteraja_id BAIKNYA RAMADAN #BaiknyaRamadan"","
"https://twitter.com/yournaladhipa,@halonessa @S_AshelJKT48 @anteraja_id @sioces_ ga,"
"https://twitter.com/halonessa,@yournaladhipa @S_AshelJKT48 @anteraja_id @sioces_ bisa ga jangan bawa2 aku?ğŸ˜­,"
"https://twitter.com/sisafitrinur,@anteraja_id Min cek dm donng,"
"https://twitter.com/Helda_jayantie,@S_AshelJKT48 @anteraja_id Siap.. berusa selalu menjaga kataÂ². Semangat,"
"https://twitter.com/aidalestari24,@S_AshelJKT48 @anteraja_id Oke aceng,"
"https://twitter.com/RatnaAp24,@anteraja_id Baiknya Ramadan #PastiBagiHadiah #BaiknyaRamadan @PaniPani16 @pdj_1309 @trollychin_,"
"https://twitter.com/anemesis50,@S_AshelJKT48 @anteraja_id https://t.co/JLoiCeDYUJ,"
"https://twitter.com/luqysm,@S_AshelJKT48 @anteraja_id siap baik,"
"https://twitter.com/yournaladhipa,""@S_AshelJKT48 @anteraja_id tuh jgn marah"""" @sioces_ @halonessa"","
"https://twitter.com/BayuKirana7,""@anteraja_id BAIKNYA RAMADAN #PastiBagiHadiah #BaiknyaRamadan @NandaElok @Indri @panji"",""Place(id='1313c5d37b77559a', fullName='Teluk Segara, Indonesia', name='Teluk Segara', type='city', country='Indonesia', countryCode='ID')"""
"https://twitter.com/dhika_cahyo,@S_AshelJKT48 @anteraja_id Oke kak,"
"https://twitter.com/twndt11,@S_AshelJKT48 @anteraja_id Siap cel,"
"https://twitter.com/__Ersa__,@S_AshelJKT48 @anteraja_id https://t.co/ugLyHlLIPC,"
"https://twitter.com/widiya_ylynaa,@S_AshelJKT48 @anteraja_id Wokeii,"
"https://twitter.com/UmiFadhilah09,@anteraja_id Baiknya Ramadan @UmiFadhilah09 @QS_reciter @maylitha #PastiBagiHadiah #BaiknyaRamadan,"
"https://twitter.com/Billy_realdo07,@S_AshelJKT48 @anteraja_id Iya cel iya,"
"https://twitter.com/jesuistiara,@S_AshelJKT48 @anteraja_id Btull,"
"https://twitter.com/MrIchss,@maungngomul @anteraja_id Kalo bisa jgn pake tuh kurir ğŸ¤£,"
"https://twitter.com/biiiguuudttt_,@S_AshelJKT48 @anteraja_id iya sayang,"
"https://twitter.com/UmiFadhilah09,@anteraja_id BAIKNYA RAMADAN @QS_reciter @Maylitha @nailul #PastiBagiHadiah #BaiknyaRamadan,"
"https://twitter.com/hugorlst,@S_AshelJKT48 @anteraja_id semangat kamu,"
"https://twitter.com/Nrazz20,@S_AshelJKT48 @anteraja_id Syappppp bu,"
"https://twitter.com/udahadalagi,""@S_AshelJKT48 @anteraja_id Barusan aku nyetir di jalan, terus ada pengendara yg ngeselin. Auto berkata kasar ğŸ˜¡ğŸ¥²ğŸ˜­ yah maap red day-1ğŸ˜­ bawaan marah2 cel"","
"https://twitter.com/ridicboy,@S_AshelJKT48 @anteraja_id Semangat puasanya kamu cel ğŸ˜‡ğŸ¤ https://t.co/uPpLRuj7br,"
"https://twitter.com/canathoid,@S_AshelJKT48 @anteraja_id anj cyurrrr ğŸ¤ğŸ¼,"
"https://twitter.com/slmanahwa_,@S_AshelJKT48 @anteraja_id siap shel,"
"https://twitter.com/lusiapa_77,@S_AshelJKT48 @anteraja_id chuuuaks,"
"https://twitter.com/fitriaaju,@S_AshelJKT48 @anteraja_id hari hari promosi,"
"https://twitter.com/dppajndlh,@S_AshelJKT48 @anteraja_id okeee,"
"https://twitter.com/Christopher_as_,@anteraja_id Baiknya ramadan #PastiBagiHadiah #BaiknyaRamadan @jokennn23  @alganiusnugraha @marcell_nw,"
"https://twitter.com/Monalisa82005,@S_AshelJKT48 @anteraja_id Siap acel,"
"https://twitter.com/sesilmalik,@S_AshelJKT48 @anteraja_id siap celğŸ«¡,"
"https://twitter.com/indahtauu31,@S_AshelJKT48 @anteraja_id Makin smngt puasa ğŸ’–,"
"https://twitter.com/Syifa928,@S_AshelJKT48 @anteraja_id Siap celğŸ«¡,"
"https://twitter.com/winsabagus,@S_AshelJKT48 @anteraja_id betul,"
"https://twitter.com/so_tongg,@S_AshelJKT48 @anteraja_id Aku tak puasa saat didekatmu,"
"https://twitter.com/Ochiiberbera,@S_AshelJKT48 @anteraja_id Siap ayyğŸ«¡,"
"https://twitter.com/visasa_,@S_AshelJKT48 @anteraja_id Baiknya adzana,"
"https://twitter.com/andy_febiyadi,@S_AshelJKT48 @anteraja_id Ok,"
"https://twitter.com/zeerannn,@S_AshelJKT48 @anteraja_id acel kangennnnnn,"
"https://twitter.com/BaalMaid,@S_AshelJKT48 @anteraja_id tidak yakin ğŸ™,"
"https://twitter.com/lauvacel,@S_AshelJKT48 @anteraja_id aku ga disemangatin?,"
"https://twitter.com/adagio_tempo,@S_AshelJKT48 @anteraja_id Betul,"
"https://twitter.com/Novrmwt_,@S_AshelJKT48 @anteraja_id sr aceng sr,"
"https://twitter.com/just_piterr,@S_AshelJKT48 @anteraja_id jadi kapan srğŸ¥²ğŸ«µğŸ»,"
"https://twitter.com/laalalalostyou,@S_AshelJKT48 @anteraja_id iya,"
"https://twitter.com/asadeluv,@S_AshelJKT48 @anteraja_id oke,"
"https://twitter.com/Mailone06,@S_AshelJKT48 @anteraja_id Siap acel ğŸ«¡,"
"https://twitter.com/ehripkiii,@S_AshelJKT48 @anteraja_id siap bossss,"
"https://twitter.com/dersimaulida,@S_AshelJKT48 @anteraja_id Sip,"
"https://twitter.com/San_ryu4,@S_AshelJKT48 @anteraja_id Oke achel,"
"https://twitter.com/drinkfav_u,@S_AshelJKT48 @anteraja_id siapp,"
"https://twitter.com/notflla,@S_AshelJKT48 @anteraja_id ok,"
"https://twitter.com/ooh_zk,@S_AshelJKT48 @anteraja_id ok,"
"https://twitter.com/S_AshelJKT48,""#BaiknyaRamadan kali ini, harus saling menjaga ucapan dan berkata baik. semangat yaa puasanya! @anteraja_id ğŸ’˜"","
"https://twitter.com/dhyaDhya,""Customer service sibuk semua, WA dan Twitter ga direspon. Kalo ada kendala harus laporan kemana sih @anteraja_id @AnterajaCare"","
"https://twitter.com/yourfms_,""@anteraja_id Baiknya Ramadan gaskiii @IvansyahAlif @namaakunnyaawan @hansonnn_p #PastiBagiHadiah #BaiknyaRamadan"","
"https://twitter.com/dhyaDhya,""Customer service sibuk semua, WA dan Twitter ga direspon. Kalo ada kendala harus laporan kemana sih @anteraja_id"","
"https://twitter.com/chocmattcha,""@anteraja_id Baiknya Ramadan  #PastiBagiHadiah #BaiknyaRamadan Kuy ikutan @___duatujuh @__Azizah15  @hmnintrovert"","
"https://twitter.com/ivradh,""@anteraja_id Bike(nya) rama dan @Abdansa17 @Miaaas_ri @Ranggadityaaaa_ #PastiBagiHadiah #BaiknyaRamadan"","
"https://twitter.com/nielsaddict,""@anteraja_id Jawab: Baiknya Ramadhan #PastiBagiHadiah #BaiknyaRamadan Doain gaes @adinisftr7 @yundakh_ @ltfasl Have nice day~~~"","
"https://twitter.com/rizonemohamad,""@anteraja_id Baiknya Ramadan #PastiBagiHadiah #BaiknyaRamadan @rizkyarum92 @damar_psikologi @BatawiArif"","
"https://twitter.com/alganiusnugraha,""@anteraja_id Baiknya Ramadan @irfanbima190 @semakindirevan @Christopher_as_ #PastiBagiHadiah #BaiknyaRamadan"","
"https://twitter.com/kamen_rezha,@anteraja_id Baiknya Ramadan @fikrijylo123 @RatnaAp24 @Jeremoy7702  #PastiBagiHadiah #BaiknyaRamadan,"
"https://twitter.com/TeguhAdriansya6,""@anteraja_id Jawaban : Baiknya ramadan #PastiBagiHadiah #BaiknyaRamadan Ikut aja, mana tau beruntung ğŸ˜„ :@maheskruk @Mkgntaa @rzlnurfirman Semoga beruntung di bulan Ramadhan ini :) Maaf saya maksa mint wkwkw @anteraja_id https://t.co/NkrBpZSX9X"","
"https://twitter.com/aryabphe_,""@anteraja_id Baiknya Ramadan @J_siahaan2 @brnvll_ @fahrezi_arif12 #PastiBagiHadiah #BaiknyaRamadhan"","
"https://twitter.com/Hasruull,""@anteraja_id BAIKNYA RAMADAN @bukanbillgates @_28_Gi @aldobroncy #PastiBagiHadiah #BaiknyaRamadan"","
"https://twitter.com/anteraja_id,""@daniellabelll Hi Hepizen, jgn risau ya. Kendala paket kamu akan segera MinAja bantu. Yuk move DM ke akun baru kami di @AnterajaCare spy privasimu terjaga. Trims :) ^PI"","
"https://twitter.com/anteraja_id,""@finanurdianti Hi Kak Fina, jgn risau ya. Kendala paket kamu akan segera MinAja bantu. Yuk move DM ke akun baru kami di @AnterajaCare spy privasimu terjaga. Trims :) ^PI"","
"https://twitter.com/anteraja_id,""@movieden Hi Kak Denny, jgn risau ya. Kendala paket kamu akan segera MinAja bantu. Yuk bisikin no resi kamu ke DM akun baru kami di @AnterajaCare spy privasimu terjaga. Trims :) ^PI"","
"https://twitter.com/anteraja_id,""@Riyan_Hitman Hi Kak Riyan, jgn risau ya. Kendala paket kamu akan segera MinAja bantu. Yuk bisikin no resi kamu ke DM akun baru kami di @AnterajaCare spy privasimu terjaga. Trims :) ^PI"","
"https://twitter.com/airmineralalami,""@anteraja_id """"Baiknya Ramadan"""" Kuy ikutan GA nya @SitiSalwa111 @nyzlxx @AniYantii #PastiBagiHadiah #BaiknyaRamadan"","
"https://twitter.com/anteraja_id,""@yerinjahat Hi Kak, jgn risau ya. Kendala paket kamu akan segera MinAja bantu. Yuk bisikin no resi kamu ke DM akun baru kami di @AnterajaCare spy privasimu terjaga. Trims :) ^PI"","
"https://twitter.com/anteraja_id,""@ocHanadaLPotro Hi Kak Veronika, jgn risau ya. Kendala paket kamu akan segera MinAja bantu. Yuk bisikin no resi kamu ke DM akun baru kami di @AnterajaCare spy privasimu terjaga. Trims :) ^PI"","
"https://twitter.com/anteraja_id,""@botiez_juan87 @tokopedia Hi Kak Juan, jgn risau ya. Kendala paket kamu akan segera MinAja bantu. Yuk bisikin no resi kamu ke DM akun baru kami di @AnterajaCare spy privasimu terjaga. Trims :) ^PI"","
"https://twitter.com/anteraja_id,""@4nakgemes Hi Kak, jgn risau ya. Kendala paket kamu akan segera MinAja bantu. Yuk bisikin no resi kamu ke DM akun baru kami di @AnterajaCare spy privasimu terjaga. Trims :) ^PI"","
"https://twitter.com/anteraja_id,""@JohnnyFyuture Hi Kak, jgn risau ya. Kendala paket kamu akan segera MinAja bantu. Yuk bisikin no resi kamu ke DM akun baru kami di @AnterajaCare spy privasimu terjaga. Trims :) ^PI"","
"https://twitter.com/anteraja_id,""@starwofie Hi Hepizen, jgn risau ya. Kendala paket kamu akan segera MinAja bantu. Yuk move DM ke akun baru kami di @AnterajaCare spy privasimu terjaga. Trims :) ^PI"","
"https://twitter.com/anteraja_id,""@tengamalam Hi Kak Bintang, jgn risau ya. Kendala paket kamu akan segera MinAja bantu. Yuk move DM ke akun baru kami di @AnterajaCare spy privasimu terjaga. Trims :) ^PI"","
"https://twitter.com/anteraja_id,""@raihantuh Hi Kak Raihan, jgn risau ya. Kendala paket kamu akan segera MinAja bantu. Yuk move DM ke akun baru kami di @AnterajaCare spy privasimu terjaga. Trims :) ^PI"","
"https://twitter.com/anteraja_id,""@OkvatDila Hi Kak Okvat, jgn risau ya. Kendala paket kamu akan segera MinAja bantu. Yuk move DM ke akun baru kami di @AnterajaCare spy privasimu terjaga. Trims :) ^PI"","
"https://twitter.com/ninaocktavia,@anteraja_id @AnterajaCare awas aja kalo sampe jam 3 ga dipickup,""Place(id='dd111d5dd4287fd8', fullName='Bojonggede, Indonesia', name='Bojonggede', type='city', country='Indonesia', countryCode='ID')"""
"https://twitter.com/anteraja_id,""@OkvatDila Hi Kak Okvat, jgn risau ya. Kendala paket kamu akan segera MinAja bantu. Yuk bisikin no resi kamu ke DM akun baru kami di @AnterajaCare spy privasimu terjaga. Trims :) ^PI"","
"https://twitter.com/anteraja_id,""@dapukkkk Hi Kak, jgn risau ya. Kendala paket kamu akan segera MinAja bantu. Yuk bisikin no resi kamu ke DM akun baru kami di @AnterajaCare spy privasimu terjaga. Trims :) ^PI"","
"https://twitter.com/anteraja_id,""@gerifathur Hi Kak Geri, jgn risau ya. Kendala paket kamu akan segera MinAja bantu. Yuk bisikin no resi kamu ke DM akun baru kami di @AnterajaCare spy privasimu terjaga. Trims :) ^PI"","
"https://twitter.com/Billy_realdo07,""@anteraja_id BAIKNYA RAMADAN @yourbestservant @winsabagus @dailysarss #PastiBagiHadiah #BaiknyaRamadan"","
"https://twitter.com/anteraja_id,""@Adehari07580781 Hi Kak Ade, jgn risau ya. Kendala paket kamu akan segera MinAja bantu. Yuk move DM ke akun baru kami di @AnterajaCare spy privasimu terjaga. Trims :) ^PI"","
"https://twitter.com/hugozeldaa,""@anteraja_id BAIKNYA RAMADAN @MahardikaNo @Ananta1103 @itsme_aciii98 #PastiBagiHadiah #BaiknyaRamadan"","
"https://twitter.com/hugozeldaa,""@anteraja_id BAIKNYA RAMADAN @MahardikaNo @Ananta1103 @itsme_aciii98 #PastiBagiHadiah #BaiknyaRamadan"","
"https://twitter.com/anteraja_id,""@ninaocktavia Hi Kak Nina, jgn risau ya. Kendala paket kamu akan segera MinAja bantu. Yuk move DM ke akun baru kami di @AnterajaCare spy privasimu terjaga. Trims :) ^PI"","
"https://twitter.com/tetj__,""@anteraja_id 1. Baiknya Ramadan 2. @aufaztec @hamjahat @rnpamungkas 3. #PastiBagiHadiah #BaiknyaRamadan"", https://twitter.com/rangkulsalira,""@anteraja_id BAIKNYA RAMADAN @egianada @AanaLati @eramd_01 #PastiBagiHadiah #BaiknyaRamadan"","
"https://twitter.com/MichieYoe,""@anteraja_id @mkdafi21_ Baiknya Ramadan @12_nkta @Akhsin16 @agvano48 #PastiBagiHadiah #BaiknyaRamadan"","
"https://twitter.com/Herlina231173,""@anteraja_id BAIKNYA RAMADAN @FirnandoIrin @baerinn_win_ @Safitrizarfin  #PastiBagiHadiah #BaiknyaRamadan"","
"https://twitter.com/Ikhsan_indr,@anteraja_id Baiknya Ramadan @initukiki @ThaniaCarlene @AlfathirRaihan2  #BaiknyaRamadan #PastiBagiHadiah,"
"https://twitter.com/Prazz_kha,""@anteraja_id Baiknya Ramadan @eRcepeRose @ouwlivia @cacabatiqa skuyyy ikutan #PastiBagiHadiah #BaiknyaRamadan"","
"https://twitter.com/ninaocktavia,""@anteraja_id tolong dong pelayanannya diperbaiki. dr kemaren loh ga dipickup sampe skrg. cape bgt complain mulu. bisa dipickup skrg gak? kalo enggak, mau gua cancel https://t.co/jJywgXFTxZ"","
"https://twitter.com/Izalcyber,@anteraja_id Baiknya Ramadan @yuliantnurul @nununn @feriyadiramen  #PastiBagiHadiah #BaiknyaRamadan,"
"https://twitter.com/Iuzuaf,""@anteraja_id BAIKNYA RAMADAN @MasKuntul2 @yerfana_ @rozaqq087  #PastiBagiHadiah #BaiknyaRamadan"","
"https://twitter.com/yerfana_,""@anteraja_id BAIKNYA RAMADAN @MasKuntul2 @iuzuaf @rozaqq087  #PastiBagiHadiah #BaiknyaRamadan"","
"https://twitter.com/_28_Gi,@anteraja_id Baiknya Ramadan @Hasruull  @wachidnur18 @ganda_akay #BaiknyaRamadan #PastiBagiHadiah,"
"https://twitter.com/peyeeeek,""@anteraja_id BAIKNYA RAMADAN @MasKuntul2 @iuzuaf @rozaqq087  #PastiBagiHadiah #BaiknyaRamadan"","
"https://twitter.com/inisiena__,@anteraja_id Baiknya Ramadan @Ardimasrama99 @Ence_mad5 @gedefoxira #PastiBagiHadiah #BaiknyaRamadan,"
"https://twitter.com/RR_WUW,""@anteraja_id Jawabannya adalah """"Baiknya Ramadhan"""" Yuk @kikimmm_03 @bellahanahana @dybibblee  jangan lupa follow dan ikutan kuisnya dari @anteraja_id #PastiBagiHadiah #BaiknyaRamadhan"","
"https://twitter.com/mkdafi21_,""@anteraja_id Baiknya Ramadan @dandeell15_ @inisiena__ @wivkyazz #PastiBagiHadiah #BaiknyaRamadan"","
"https://twitter.com/semakindirevan,""@anteraja_id 1. Baiknya ramadan 2. @Christopher_as_  @alganiusnugraha  @jokennn23 3. #PastiBagiHadiah #BaiknyaRamadan"","
"https://twitter.com/YoanAndriani3,@anteraja_id BAIKNYA RAMADAN @Aliyaaamsn @kinoy24_ @mkdafi21_ #PastiBagiHadiah #BaiknyaRamadan,"
"https://twitter.com/zxzrhan,@anteraja_id BAIKNYA RAMADAN @izxywk @aindrrr @eyija #PastiBagiHadiah #BaiknyaRamadhan,"
"https://twitter.com/YDOL_,@anteraja_id baiknya ramadan @deerclawss @gryfndrr @RossaGhea #PastiBagiHadiah #BaiknyaRamadan,"
"https://twitter.com/Oktaa_ASF,@anteraja_id (Bike)NYA Ramadan @Lindaagustin_08 @fitriaandika01 @KenzoAji_7 @tulangmuda20 gasskeunn #PastiBagiHadiah #BaiknyaRamadan,"
"https://twitter.com/dwi_prasetyoo,""@anteraja_id BAIKNYA RAMADAN Yuk Sob, ikutan @akbar_2810  @Mistini16  @danilislam25 Semoga beruntung ğŸ¤² #PastiBagiHadiah #BaiknyaRamadan"","
"https://twitter.com/MRF_Della28,""@anteraja_id Baiknya Ramadan @dipraal_ @cillevir @_Esahsjr #PastiBagiHadiah #BaiknyaRamadan"","
